submitted_at,stage,task,arm,key,stem,n_demos,slice,seed,trials,sbatch,walltime,slurm_jobid,notes
2026-09-18T00:09:49,eval,T1,L1,L1,,100,0,,,slurm/eval.sbatch,01:00:00,58060314,launch_wave.py | suffix=g6w0 warmup_batches=0 warmup_max_steps=0 slices=5 | gate G6
2026-09-18T00:09:51,eval,T1,L1,L1,,100,1,,,slurm/eval.sbatch,01:00:00,58060323,launch_wave.py | suffix=g6w0 warmup_batches=0 warmup_max_steps=0 slices=5 | gate G6
2026-09-18T00:09:55,eval,T1,L1,L1,,100,2,,,slurm/eval.sbatch,01:00:00,58060329,launch_wave.py | suffix=g6w0 warmup_batches=0 warmup_max_steps=0 slices=5 | gate G6
2026-09-18T00:10:00,eval,T1,L1,L1,,100,3,,,slurm/eval.sbatch,01:00:00,58060334,launch_wave.py | suffix=g6w0 warmup_batches=0 warmup_max_steps=0 slices=5 | gate G6
2026-09-18T00:10:05,eval,T1,L1,L1,,100,4,,,slurm/eval.sbatch,01:00:00,58060345,launch_wave.py | suffix=g6w0 warmup_batches=0 warmup_max_steps=0 slices=5 | gate G6
2026-09-18T00:10:09,eval,T1,L1,L1,,100,0,,,slurm/eval.sbatch,01:00:00,58060350,launch_wave.py | suffix=g6w20 warmup_batches=1 warmup_max_steps=20 slices=5 | gate G6
2026-09-18T00:10:10,eval,T1,L1,L1,,100,1,,,slurm/eval.sbatch,01:00:00,58060351,launch_wave.py | suffix=g6w20 warmup_batches=1 warmup_max_steps=20 slices=5 | gate G6
2026-09-18T00:10:13,eval,T1,L1,L1,,100,2,,,slurm/eval.sbatch,01:00:00,58060353,launch_wave.py | suffix=g6w20 warmup_batches=1 warmup_max_steps=20 slices=5 | gate G6
2026-09-18T00:10:14,eval,T1,L1,L1,,100,3,,,slurm/eval.sbatch,01:00:00,58060354,launch_wave.py | suffix=g6w20 warmup_batches=1 warmup_max_steps=20 slices=5 | gate G6
2026-09-18T00:10:17,eval,T1,L1,L1,,100,4,,,slurm/eval.sbatch,01:00:00,58060358,launch_wave.py | suffix=g6w20 warmup_batches=1 warmup_max_steps=20 slices=5 | gate G6
2026-09-18T00:10:23,eval,T1,L1,L1,,100,0,,,slurm/eval.sbatch,01:00:00,58060360,launch_wave.py | suffix=g6w100 warmup_batches=1 warmup_max_steps=100 slices=5 | gate G6
2026-09-18T00:10:24,eval,T1,L1,L1,,100,1,,,slurm/eval.sbatch,01:00:00,58060361,launch_wave.py | suffix=g6w100 warmup_batches=1 warmup_max_steps=100 slices=5 | gate G6
2026-09-18T00:10:27,eval,T1,L1,L1,,100,2,,,slurm/eval.sbatch,01:00:00,58060363,launch_wave.py | suffix=g6w100 warmup_batches=1 warmup_max_steps=100 slices=5 | gate G6
2026-09-18T00:10:31,eval,T1,L1,L1,,100,3,,,slurm/eval.sbatch,01:00:00,58060369,launch_wave.py | suffix=g6w100 warmup_batches=1 warmup_max_steps=100 slices=5 | gate G6
2026-09-18T00:10:41,eval,T1,L1,L1,,100,4,,,slurm/eval.sbatch,01:00:00,58060402,launch_wave.py | suffix=g6w100 warmup_batches=1 warmup_max_steps=100 slices=5 | gate G6
2026-09-18T00:10:47,eval,T1,L1,L1,,100,0,,,slurm/eval.sbatch,01:00:00,58060406,launch_wave.py | suffix=g6wfull warmup_batches=1 warmup_max_steps=0 slices=5 | gate G6
2026-09-18T00:10:51,eval,T1,L1,L1,,100,1,,,slurm/eval.sbatch,01:00:00,58060416,launch_wave.py | suffix=g6wfull warmup_batches=1 warmup_max_steps=0 slices=5 | gate G6
2026-09-18T00:10:59,eval,T1,L1,L1,,100,2,,,slurm/eval.sbatch,01:00:00,58060428,launch_wave.py | suffix=g6wfull warmup_batches=1 warmup_max_steps=0 slices=5 | gate G6
2026-09-18T00:11:03,eval,T1,L1,L1,,100,3,,,slurm/eval.sbatch,01:00:00,58060429,launch_wave.py | suffix=g6wfull warmup_batches=1 warmup_max_steps=0 slices=5 | gate G6
2026-09-18T00:11:07,eval,T1,L1,L1,,100,4,,,slurm/eval.sbatch,01:00:00,58060431,launch_wave.py | suffix=g6wfull warmup_batches=1 warmup_max_steps=0 slices=5 | gate G6
2026-09-18T03:34:44,freeze,T1,AC,AC,,,,,,slurm/freeze_eval_sets.sbatch,00:30:00,58078308,launch_wave.py
2026-09-18T03:34:49,freeze,T1,BC,BC,,,,,,slurm/freeze_eval_sets.sbatch,00:30:00,58078310,launch_wave.py
2026-09-18T03:34:57,freeze,T2,AC,AC,,,,,,slurm/freeze_eval_sets.sbatch,00:30:00,58078311,launch_wave.py
2026-09-18T03:35:01,freeze,T2,BC,BC,,,,,,slurm/freeze_eval_sets.sbatch,00:30:00,58078312,launch_wave.py
2026-09-18T03:35:05,freeze,T3,AC,AC,,,,,,slurm/freeze_eval_sets.sbatch,00:30:00,58078316,launch_wave.py
2026-09-18T03:35:06,freeze,T3,BC,BC,,,,,,slurm/freeze_eval_sets.sbatch,00:30:00,58078317,launch_wave.py
2026-09-18T03:41:39,freeze,T1,AC,AC,,,,,,slurm/freeze_eval_sets.sbatch,00:30:00,58078561,launch_wave.py
2026-09-18T03:41:43,freeze,T1,BC,BC,,,,,,slurm/freeze_eval_sets.sbatch,00:30:00,58078569,launch_wave.py
2026-09-18T03:41:47,freeze,T2,AC,AC,,,,,,slurm/freeze_eval_sets.sbatch,00:30:00,58078573,launch_wave.py
2026-09-18T03:41:48,freeze,T2,BC,BC,,,,,,slurm/freeze_eval_sets.sbatch,00:30:00,58078578,launch_wave.py
2026-09-18T03:41:51,freeze,T3,AC,AC,,,,,,slurm/freeze_eval_sets.sbatch,00:30:00,58078581,launch_wave.py
2026-09-18T03:41:52,freeze,T3,BC,BC,,,,,,slurm/freeze_eval_sets.sbatch,00:30:00,58078584,launch_wave.py
2026-09-18T06:20:25,eval,T1,ctl_L1,ctl_L1,,100,0,,,slurm/eval.sbatch,01:00:00,58085311,launch_wave.py | suffix=g2bctl warmup_batches=1 warmup_max_steps=0 slices=10 env_arm=L1
2026-09-18T06:20:28,eval,T1,ctl_L1,ctl_L1,,100,1,,,slurm/eval.sbatch,01:00:00,58085314,launch_wave.py | suffix=g2bctl warmup_batches=1 warmup_max_steps=0 slices=10 env_arm=L1
2026-09-18T06:20:32,eval,T1,ctl_L1,ctl_L1,,100,2,,,slurm/eval.sbatch,01:00:00,58085316,launch_wave.py | suffix=g2bctl warmup_batches=1 warmup_max_steps=0 slices=10 env_arm=L1
2026-09-18T06:20:39,eval,T1,ctl_L1,ctl_L1,,100,3,,,slurm/eval.sbatch,01:00:00,58085326,launch_wave.py | suffix=g2bctl warmup_batches=1 warmup_max_steps=0 slices=10 env_arm=L1
2026-09-18T06:20:41,eval,T1,ctl_L1,ctl_L1,,100,4,,,slurm/eval.sbatch,01:00:00,58085328,launch_wave.py | suffix=g2bctl warmup_batches=1 warmup_max_steps=0 slices=10 env_arm=L1
2026-09-18T06:20:43,eval,T1,ctl_L1,ctl_L1,,100,5,,,slurm/eval.sbatch,01:00:00,58085330,launch_wave.py | suffix=g2bctl warmup_batches=1 warmup_max_steps=0 slices=10 env_arm=L1
2026-09-18T06:20:45,eval,T1,ctl_L1,ctl_L1,,100,6,,,slurm/eval.sbatch,01:00:00,58085331,launch_wave.py | suffix=g2bctl warmup_batches=1 warmup_max_steps=0 slices=10 env_arm=L1
2026-09-18T06:20:46,eval,T1,ctl_L1,ctl_L1,,100,7,,,slurm/eval.sbatch,01:00:00,58085332,launch_wave.py | suffix=g2bctl warmup_batches=1 warmup_max_steps=0 slices=10 env_arm=L1
2026-09-18T06:20:50,eval,T1,ctl_L1,ctl_L1,,100,8,,,slurm/eval.sbatch,01:00:00,58085334,launch_wave.py | suffix=g2bctl warmup_batches=1 warmup_max_steps=0 slices=10 env_arm=L1
2026-09-18T06:20:51,eval,T1,ctl_L1,ctl_L1,,100,9,,,slurm/eval.sbatch,01:00:00,58085335,launch_wave.py | suffix=g2bctl warmup_batches=1 warmup_max_steps=0 slices=10 env_arm=L1
2026-09-18T06:34:29,datagen,T1,AC,ACv00,ACv00,,,1300,40,slurm/datagen.sbatch,00:30:00,58085953,launch_wave.py
2026-09-18T06:34:33,datagen,T1,AC,ACv01,ACv01,,,1301,40,slurm/datagen.sbatch,00:30:00,58085961,launch_wave.py
2026-09-18T06:34:34,datagen,T1,AC,ACv02,ACv02,,,1302,40,slurm/datagen.sbatch,00:30:00,58085968,launch_wave.py
2026-09-18T06:34:37,datagen,T1,AC,ACv03,ACv03,,,1303,40,slurm/datagen.sbatch,00:30:00,58085973,launch_wave.py
2026-09-18T06:34:41,datagen,T1,AC,ACv04,ACv04,,,1304,40,slurm/datagen.sbatch,00:30:00,58085976,launch_wave.py
2026-09-18T06:34:46,datagen,T1,AC,ACv05,ACv05,,,1305,40,slurm/datagen.sbatch,00:30:00,58085977,launch_wave.py
2026-09-18T06:34:47,datagen,T1,AC,ACv06,ACv06,,,1306,40,slurm/datagen.sbatch,00:30:00,58085979,launch_wave.py
2026-09-18T06:34:49,datagen,T1,AC,ACv07,ACv07,,,1307,40,slurm/datagen.sbatch,00:30:00,58085980,launch_wave.py
2026-09-18T06:34:53,datagen,T1,AC,ACv08,ACv08,,,1308,40,slurm/datagen.sbatch,00:30:00,58085981,launch_wave.py
2026-09-18T06:34:55,datagen,T1,AC,ACv09,ACv09,,,1309,40,slurm/datagen.sbatch,00:30:00,58085982,launch_wave.py
2026-09-18T06:34:59,datagen,T1,BC,BCv00,BCv00,,,1400,40,slurm/datagen.sbatch,00:30:00,58085983,launch_wave.py
2026-09-18T06:35:03,datagen,T1,BC,BCv01,BCv01,,,1401,40,slurm/datagen.sbatch,00:30:00,58085990,launch_wave.py
2026-09-18T06:35:07,datagen,T1,BC,BCv02,BCv02,,,1402,40,slurm/datagen.sbatch,00:30:00,58085995,launch_wave.py
2026-09-18T06:35:11,datagen,T1,BC,BCv03,BCv03,,,1403,40,slurm/datagen.sbatch,00:30:00,58085996,launch_wave.py
2026-09-18T06:35:15,datagen,T1,BC,BCv04,BCv04,,,1404,40,slurm/datagen.sbatch,00:30:00,58085997,launch_wave.py
2026-09-18T06:35:16,datagen,T1,BC,BCv05,BCv05,,,1405,40,slurm/datagen.sbatch,00:30:00,58085998,launch_wave.py
2026-09-18T06:35:23,datagen,T1,BC,BCv06,BCv06,,,1406,40,slurm/datagen.sbatch,00:30:00,58086000,launch_wave.py
2026-09-18T06:35:27,datagen,T1,BC,BCv07,BCv07,,,1407,40,slurm/datagen.sbatch,00:30:00,58086001,launch_wave.py
2026-09-18T06:35:28,datagen,T1,BC,BCv08,BCv08,,,1408,40,slurm/datagen.sbatch,00:30:00,58086002,launch_wave.py
2026-09-18T06:35:30,datagen,T1,BC,BCv09,BCv09,,,1409,40,slurm/datagen.sbatch,00:30:00,58086003,launch_wave.py
2026-09-18T06:35:31,datagen,T3,AC,ACv00,T3_ACv00,,,3300,40,slurm/datagen.sbatch,00:30:00,58086004,launch_wave.py
2026-09-18T06:35:33,datagen,T3,AC,ACv01,T3_ACv01,,,3301,40,slurm/datagen.sbatch,00:30:00,58086007,launch_wave.py
2026-09-18T06:35:34,datagen,T3,AC,ACv02,T3_ACv02,,,3302,40,slurm/datagen.sbatch,00:30:00,58086009,launch_wave.py
2026-09-18T06:35:43,datagen,T3,AC,ACv03,T3_ACv03,,,3303,40,slurm/datagen.sbatch,00:30:00,58086011,launch_wave.py
2026-09-18T06:35:49,datagen,T3,AC,ACv04,T3_ACv04,,,3304,40,slurm/datagen.sbatch,00:30:00,58086012,launch_wave.py
2026-09-18T06:35:53,datagen,T3,AC,ACv05,T3_ACv05,,,3305,40,slurm/datagen.sbatch,00:30:00,58086014,launch_wave.py
2026-09-18T06:35:57,datagen,T3,AC,ACv06,T3_ACv06,,,3306,40,slurm/datagen.sbatch,00:30:00,58086024,launch_wave.py
2026-09-18T06:36:01,datagen,T3,AC,ACv07,T3_ACv07,,,3307,40,slurm/datagen.sbatch,00:30:00,58086026,launch_wave.py
2026-09-18T06:36:06,datagen,T3,AC,ACv08,T3_ACv08,,,3308,40,slurm/datagen.sbatch,00:30:00,58086034,launch_wave.py
2026-09-18T06:36:13,datagen,T3,AC,ACv09,T3_ACv09,,,3309,40,slurm/datagen.sbatch,00:30:00,58086054,launch_wave.py
2026-09-18T06:36:14,datagen,T3,BC,BCv00,T3_BCv00,,,3400,40,slurm/datagen.sbatch,00:30:00,58086057,launch_wave.py
2026-09-18T06:36:17,datagen,T3,BC,BCv01,T3_BCv01,,,3401,40,slurm/datagen.sbatch,00:30:00,58086060,launch_wave.py
2026-09-18T06:36:18,datagen,T3,BC,BCv02,T3_BCv02,,,3402,40,slurm/datagen.sbatch,00:30:00,58086061,launch_wave.py
2026-09-18T06:36:21,datagen,T3,BC,BCv03,T3_BCv03,,,3403,40,slurm/datagen.sbatch,00:30:00,58086062,launch_wave.py
2026-09-18T06:36:22,datagen,T3,BC,BCv04,T3_BCv04,,,3404,40,slurm/datagen.sbatch,00:30:00,58086063,launch_wave.py
2026-09-18T06:36:24,datagen,T3,BC,BCv05,T3_BCv05,,,3405,40,slurm/datagen.sbatch,00:30:00,58086064,launch_wave.py
2026-09-18T06:36:27,datagen,T3,BC,BCv06,T3_BCv06,,,3406,40,slurm/datagen.sbatch,00:30:00,58086065,launch_wave.py
2026-09-18T06:36:31,datagen,T3,BC,BCv07,T3_BCv07,,,3407,40,slurm/datagen.sbatch,00:30:00,58086066,launch_wave.py
2026-09-18T06:36:33,datagen,T3,BC,BCv08,T3_BCv08,,,3408,40,slurm/datagen.sbatch,00:30:00,58086067,launch_wave.py
2026-09-18T06:36:38,datagen,T3,BC,BCv09,T3_BCv09,,,3409,40,slurm/datagen.sbatch,00:30:00,58086068,launch_wave.py
2026-09-18T07:01:00,datagen,T2,AC,ACv00,T2_ACv00,,,2300,40,slurm/datagen.sbatch,03:00:00,58087480,launch_wave.py
2026-09-18T07:01:05,datagen,T2,AC,ACv01,T2_ACv01,,,2301,40,slurm/datagen.sbatch,03:00:00,58087497,launch_wave.py
2026-09-18T07:01:06,datagen,T2,AC,ACv02,T2_ACv02,,,2302,40,slurm/datagen.sbatch,03:00:00,58087508,launch_wave.py
2026-09-18T07:01:07,datagen,T2,AC,ACv03,T2_ACv03,,,2303,40,slurm/datagen.sbatch,03:00:00,58087514,launch_wave.py
2026-09-18T07:01:12,datagen,T2,AC,ACv04,T2_ACv04,,,2304,40,slurm/datagen.sbatch,03:00:00,58087528,launch_wave.py
2026-09-18T07:01:16,datagen,T2,AC,ACv05,T2_ACv05,,,2305,40,slurm/datagen.sbatch,03:00:00,58087531,launch_wave.py
2026-09-18T07:01:20,datagen,T2,AC,ACv06,T2_ACv06,,,2306,40,slurm/datagen.sbatch,03:00:00,58087533,launch_wave.py
2026-09-18T07:01:23,datagen,T2,AC,ACv07,T2_ACv07,,,2307,40,slurm/datagen.sbatch,03:00:00,58087537,launch_wave.py
2026-09-18T07:01:24,datagen,T2,AC,ACv08,T2_ACv08,,,2308,40,slurm/datagen.sbatch,03:00:00,58087541,launch_wave.py
2026-09-18T07:01:27,datagen,T2,AC,ACv09,T2_ACv09,,,2309,40,slurm/datagen.sbatch,03:00:00,58087544,launch_wave.py
2026-09-18T07:01:32,datagen,T2,BC,BCv00,T2_BCv00,,,2400,40,slurm/datagen.sbatch,03:00:00,58087550,launch_wave.py
2026-09-18T07:01:35,datagen,T2,BC,BCv01,T2_BCv01,,,2401,40,slurm/datagen.sbatch,03:00:00,58087553,launch_wave.py
2026-09-18T07:01:43,datagen,T2,BC,BCv02,T2_BCv02,,,2402,40,slurm/datagen.sbatch,03:00:00,58087555,launch_wave.py
2026-09-18T07:01:47,datagen,T2,BC,BCv03,T2_BCv03,,,2403,40,slurm/datagen.sbatch,03:00:00,58087557,launch_wave.py
2026-09-18T07:01:49,datagen,T2,BC,BCv04,T2_BCv04,,,2404,40,slurm/datagen.sbatch,03:00:00,58087559,launch_wave.py
2026-09-18T07:01:58,datagen,T2,BC,BCv05,T2_BCv05,,,2405,40,slurm/datagen.sbatch,03:00:00,58087567,launch_wave.py
2026-09-18T07:02:01,datagen,T2,BC,BCv06,T2_BCv06,,,2406,40,slurm/datagen.sbatch,03:00:00,58087570,launch_wave.py
2026-09-18T07:02:04,datagen,T2,BC,BCv07,T2_BCv07,,,2407,40,slurm/datagen.sbatch,03:00:00,58087574,launch_wave.py
2026-09-18T07:02:08,datagen,T2,BC,BCv08,T2_BCv08,,,2408,40,slurm/datagen.sbatch,03:00:00,58087575,launch_wave.py
2026-09-18T07:02:09,datagen,T2,BC,BCv09,T2_BCv09,,,2409,40,slurm/datagen.sbatch,03:00:00,58087576,launch_wave.py
2026-09-18T08:22:25,convert,T1,AC,AC,,,,,,slurm/convert.sbatch,04:00:00,58095483,launch_wave.py
2026-09-18T08:22:29,convert,T1,BC,BC,,,,,,slurm/convert.sbatch,04:00:00,58095486,launch_wave.py
2026-09-18T08:22:34,convert,T2,AC,AC,,,,,,slurm/convert.sbatch,04:00:00,58095490,launch_wave.py
2026-09-18T08:22:37,convert,T2,BC,BC,,,,,,slurm/convert.sbatch,04:00:00,58095492,launch_wave.py
2026-09-18T08:22:41,convert,T3,AC,AC,,,,,,slurm/convert.sbatch,04:00:00,58095502,launch_wave.py
2026-09-18T08:22:42,convert,T3,BC,BC,,,,,,slurm/convert.sbatch,04:00:00,58095509,launch_wave.py
2026-09-19T08:46:14,eval,T1,AC,AC,,100,0,,,slurm/eval.sbatch,01:00:00,58185744,launch_wave.py | suffix=u200 warmup_batches=1 warmup_max_steps=0 slices=1
2026-09-19T09:01:17,eval,T1,AC,AC,,10,0,,,slurm/eval.sbatch,01:00:00,58186548,launch_wave.py | suffix=u200 warmup_batches=1 warmup_max_steps=0 slices=10
2026-09-19T09:01:21,eval,T1,AC,AC,,10,1,,,slurm/eval.sbatch,01:00:00,58186554,launch_wave.py | suffix=u200 warmup_batches=1 warmup_max_steps=0 slices=10
2026-09-19T09:01:23,eval,T1,AC,AC,,10,2,,,slurm/eval.sbatch,01:00:00,58186555,launch_wave.py | suffix=u200 warmup_batches=1 warmup_max_steps=0 slices=10
2026-09-19T09:01:24,eval,T1,AC,AC,,10,3,,,slurm/eval.sbatch,01:00:00,58186557,launch_wave.py | suffix=u200 warmup_batches=1 warmup_max_steps=0 slices=10
2026-09-19T09:01:27,eval,T1,AC,AC,,10,4,,,slurm/eval.sbatch,01:00:00,58186560,launch_wave.py | suffix=u200 warmup_batches=1 warmup_max_steps=0 slices=10
2026-09-19T09:01:28,eval,T1,AC,AC,,10,5,,,slurm/eval.sbatch,01:00:00,58186561,launch_wave.py | suffix=u200 warmup_batches=1 warmup_max_steps=0 slices=10
2026-09-19T09:01:31,eval,T1,AC,AC,,10,6,,,slurm/eval.sbatch,01:00:00,58186562,launch_wave.py | suffix=u200 warmup_batches=1 warmup_max_steps=0 slices=10
2026-09-19T09:01:35,eval,T1,AC,AC,,10,7,,,slurm/eval.sbatch,01:00:00,58186565,launch_wave.py | suffix=u200 warmup_batches=1 warmup_max_steps=0 slices=10
2026-09-19T09:01:41,eval,T1,AC,AC,,10,8,,,slurm/eval.sbatch,01:00:00,58186568,launch_wave.py | suffix=u200 warmup_batches=1 warmup_max_steps=0 slices=10
2026-09-19T09:01:45,eval,T1,AC,AC,,10,9,,,slurm/eval.sbatch,01:00:00,58186570,launch_wave.py | suffix=u200 warmup_batches=1 warmup_max_steps=0 slices=10
2026-09-19T09:01:49,eval,T1,AC,AC,,25,0,,,slurm/eval.sbatch,01:00:00,58186571,launch_wave.py | suffix=u200 warmup_batches=1 warmup_max_steps=0 slices=10
2026-09-19T09:01:53,eval,T1,AC,AC,,25,1,,,slurm/eval.sbatch,01:00:00,58186573,launch_wave.py | suffix=u200 warmup_batches=1 warmup_max_steps=0 slices=10
2026-09-19T09:01:57,eval,T1,AC,AC,,25,2,,,slurm/eval.sbatch,01:00:00,58186599,launch_wave.py | suffix=u200 warmup_batches=1 warmup_max_steps=0 slices=10
2026-09-19T09:02:01,eval,T1,AC,AC,,25,3,,,slurm/eval.sbatch,01:00:00,58186600,launch_wave.py | suffix=u200 warmup_batches=1 warmup_max_steps=0 slices=10
2026-09-19T09:02:08,eval,T1,AC,AC,,25,4,,,slurm/eval.sbatch,01:00:00,58186601,launch_wave.py | suffix=u200 warmup_batches=1 warmup_max_steps=0 slices=10
2026-09-19T09:02:12,eval,T1,AC,AC,,25,5,,,slurm/eval.sbatch,01:00:00,58186603,launch_wave.py | suffix=u200 warmup_batches=1 warmup_max_steps=0 slices=10
2026-09-19T09:02:16,eval,T1,AC,AC,,25,6,,,slurm/eval.sbatch,01:00:00,58186605,launch_wave.py | suffix=u200 warmup_batches=1 warmup_max_steps=0 slices=10
2026-09-19T09:02:20,eval,T1,AC,AC,,25,7,,,slurm/eval.sbatch,01:00:00,58186606,launch_wave.py | suffix=u200 warmup_batches=1 warmup_max_steps=0 slices=10
2026-09-19T09:02:25,eval,T1,AC,AC,,25,8,,,slurm/eval.sbatch,01:00:00,58186612,launch_wave.py | suffix=u200 warmup_batches=1 warmup_max_steps=0 slices=10
2026-09-19T09:02:27,eval,T1,AC,AC,,25,9,,,slurm/eval.sbatch,01:00:00,58186613,launch_wave.py | suffix=u200 warmup_batches=1 warmup_max_steps=0 slices=10
2026-09-19T09:02:40,eval,T1,AC,AC,,50,0,,,slurm/eval.sbatch,01:00:00,58186621,launch_wave.py | suffix=u200 warmup_batches=1 warmup_max_steps=0 slices=10
2026-09-19T09:02:45,eval,T1,AC,AC,,50,1,,,slurm/eval.sbatch,01:00:00,58186635,launch_wave.py | suffix=u200 warmup_batches=1 warmup_max_steps=0 slices=10
2026-09-19T09:02:50,eval,T1,AC,AC,,50,2,,,slurm/eval.sbatch,01:00:00,58186641,launch_wave.py | suffix=u200 warmup_batches=1 warmup_max_steps=0 slices=10
2026-09-19T09:02:54,eval,T1,AC,AC,,50,3,,,slurm/eval.sbatch,01:00:00,58186675,launch_wave.py | suffix=u200 warmup_batches=1 warmup_max_steps=0 slices=10
2026-09-19T09:02:55,eval,T1,AC,AC,,50,4,,,slurm/eval.sbatch,01:00:00,58186682,launch_wave.py | suffix=u200 warmup_batches=1 warmup_max_steps=0 slices=10
2026-09-19T09:02:59,eval,T1,AC,AC,,50,5,,,slurm/eval.sbatch,01:00:00,58186697,launch_wave.py | suffix=u200 warmup_batches=1 warmup_max_steps=0 slices=10
2026-09-19T09:03:02,eval,T1,AC,AC,,50,6,,,slurm/eval.sbatch,01:00:00,58186702,launch_wave.py | suffix=u200 warmup_batches=1 warmup_max_steps=0 slices=10
2026-09-19T09:03:03,eval,T1,AC,AC,,50,7,,,slurm/eval.sbatch,01:00:00,58186708,launch_wave.py | suffix=u200 warmup_batches=1 warmup_max_steps=0 slices=10
2026-09-19T09:03:10,eval,T1,AC,AC,,50,8,,,slurm/eval.sbatch,01:00:00,58186709,launch_wave.py | suffix=u200 warmup_batches=1 warmup_max_steps=0 slices=10
2026-09-19T09:03:11,eval,T1,AC,AC,,50,9,,,slurm/eval.sbatch,01:00:00,58186711,launch_wave.py | suffix=u200 warmup_batches=1 warmup_max_steps=0 slices=10
2026-09-19T09:03:13,eval,T1,AC,AC,,100,0,,,slurm/eval.sbatch,01:00:00,58186712,launch_wave.py | suffix=u200 warmup_batches=1 warmup_max_steps=0 slices=10
2026-09-19T09:03:16,eval,T1,AC,AC,,100,1,,,slurm/eval.sbatch,01:00:00,58186713,launch_wave.py | suffix=u200 warmup_batches=1 warmup_max_steps=0 slices=10
2026-09-19T09:03:20,eval,T1,AC,AC,,100,2,,,slurm/eval.sbatch,01:00:00,58186715,launch_wave.py | suffix=u200 warmup_batches=1 warmup_max_steps=0 slices=10
2026-09-19T09:03:21,eval,T1,AC,AC,,100,3,,,slurm/eval.sbatch,01:00:00,58186717,launch_wave.py | suffix=u200 warmup_batches=1 warmup_max_steps=0 slices=10
2026-09-19T09:03:27,eval,T1,AC,AC,,100,4,,,slurm/eval.sbatch,01:00:00,58186720,launch_wave.py | suffix=u200 warmup_batches=1 warmup_max_steps=0 slices=10
2026-09-19T09:03:33,eval,T1,AC,AC,,100,5,,,slurm/eval.sbatch,01:00:00,58186722,launch_wave.py | suffix=u200 warmup_batches=1 warmup_max_steps=0 slices=10
2026-09-19T09:03:43,eval,T1,AC,AC,,100,6,,,slurm/eval.sbatch,01:00:00,58186727,launch_wave.py | suffix=u200 warmup_batches=1 warmup_max_steps=0 slices=10
2026-09-19T09:03:48,eval,T1,AC,AC,,100,7,,,slurm/eval.sbatch,01:00:00,58186734,launch_wave.py | suffix=u200 warmup_batches=1 warmup_max_steps=0 slices=10
2026-09-19T09:03:52,eval,T1,AC,AC,,100,8,,,slurm/eval.sbatch,01:00:00,58186738,launch_wave.py | suffix=u200 warmup_batches=1 warmup_max_steps=0 slices=10
2026-09-19T09:03:56,eval,T1,AC,AC,,100,9,,,slurm/eval.sbatch,01:00:00,58186760,launch_wave.py | suffix=u200 warmup_batches=1 warmup_max_steps=0 slices=10
2026-09-19T09:03:58,eval,T1,AC,AC,,200,0,,,slurm/eval.sbatch,01:00:00,58186761,launch_wave.py | suffix=u200 warmup_batches=1 warmup_max_steps=0 slices=10
2026-09-19T09:03:59,eval,T1,AC,AC,,200,1,,,slurm/eval.sbatch,01:00:00,58186762,launch_wave.py | suffix=u200 warmup_batches=1 warmup_max_steps=0 slices=10
2026-09-19T09:04:02,eval,T1,AC,AC,,200,2,,,slurm/eval.sbatch,01:00:00,58186763,launch_wave.py | suffix=u200 warmup_batches=1 warmup_max_steps=0 slices=10
2026-09-19T09:04:06,eval,T1,AC,AC,,200,3,,,slurm/eval.sbatch,01:00:00,58186765,launch_wave.py | suffix=u200 warmup_batches=1 warmup_max_steps=0 slices=10
2026-09-19T09:04:10,eval,T1,AC,AC,,200,4,,,slurm/eval.sbatch,01:00:00,58186766,launch_wave.py | suffix=u200 warmup_batches=1 warmup_max_steps=0 slices=10
2026-09-19T09:04:11,eval,T1,AC,AC,,200,5,,,slurm/eval.sbatch,01:00:00,58186767,launch_wave.py | suffix=u200 warmup_batches=1 warmup_max_steps=0 slices=10
2026-09-19T09:04:14,eval,T1,AC,AC,,200,6,,,slurm/eval.sbatch,01:00:00,58186768,launch_wave.py | suffix=u200 warmup_batches=1 warmup_max_steps=0 slices=10
2026-09-19T09:04:16,eval,T1,AC,AC,,200,7,,,slurm/eval.sbatch,01:00:00,58186769,launch_wave.py | suffix=u200 warmup_batches=1 warmup_max_steps=0 slices=10
2026-09-19T09:04:20,eval,T1,AC,AC,,200,8,,,slurm/eval.sbatch,01:00:00,58186772,launch_wave.py | suffix=u200 warmup_batches=1 warmup_max_steps=0 slices=10
2026-09-19T09:04:24,eval,T1,AC,AC,,200,9,,,slurm/eval.sbatch,01:00:00,58186773,launch_wave.py | suffix=u200 warmup_batches=1 warmup_max_steps=0 slices=10
2026-09-19T09:04:25,eval,T1,AC,AC,,400,0,,,slurm/eval.sbatch,01:00:00,58186775,launch_wave.py | suffix=u200 warmup_batches=1 warmup_max_steps=0 slices=10
2026-09-19T09:04:28,eval,T1,AC,AC,,400,1,,,slurm/eval.sbatch,01:00:00,58186776,launch_wave.py | suffix=u200 warmup_batches=1 warmup_max_steps=0 slices=10
2026-09-19T09:04:39,eval,T1,AC,AC,,400,2,,,slurm/eval.sbatch,01:00:00,58186782,launch_wave.py | suffix=u200 warmup_batches=1 warmup_max_steps=0 slices=10
2026-09-19T09:04:47,eval,T1,AC,AC,,400,3,,,slurm/eval.sbatch,01:00:00,58186791,launch_wave.py | suffix=u200 warmup_batches=1 warmup_max_steps=0 slices=10
2026-09-19T09:04:48,eval,T1,AC,AC,,400,4,,,slurm/eval.sbatch,01:00:00,58186798,launch_wave.py | suffix=u200 warmup_batches=1 warmup_max_steps=0 slices=10
2026-09-19T09:04:53,eval,T1,AC,AC,,400,5,,,slurm/eval.sbatch,01:00:00,58186799,launch_wave.py | suffix=u200 warmup_batches=1 warmup_max_steps=0 slices=10
2026-09-19T09:04:56,eval,T1,AC,AC,,400,6,,,slurm/eval.sbatch,01:00:00,58186819,launch_wave.py | suffix=u200 warmup_batches=1 warmup_max_steps=0 slices=10
2026-09-19T09:04:59,eval,T1,AC,AC,,400,7,,,slurm/eval.sbatch,01:00:00,58186821,launch_wave.py | suffix=u200 warmup_batches=1 warmup_max_steps=0 slices=10
2026-09-19T09:05:00,eval,T1,AC,AC,,400,8,,,slurm/eval.sbatch,01:00:00,58186826,launch_wave.py | suffix=u200 warmup_batches=1 warmup_max_steps=0 slices=10
2026-09-19T09:05:03,eval,T1,AC,AC,,400,9,,,slurm/eval.sbatch,01:00:00,58186831,launch_wave.py | suffix=u200 warmup_batches=1 warmup_max_steps=0 slices=10
2026-09-19T09:05:07,eval,T1,BC,BC,,10,0,,,slurm/eval.sbatch,01:00:00,58186844,launch_wave.py | suffix=u200 warmup_batches=1 warmup_max_steps=0 slices=10
2026-09-19T09:05:11,eval,T1,BC,BC,,10,1,,,slurm/eval.sbatch,01:00:00,58186853,launch_wave.py | suffix=u200 warmup_batches=1 warmup_max_steps=0 slices=10
2026-09-19T09:05:15,eval,T1,BC,BC,,10,2,,,slurm/eval.sbatch,01:00:00,58186863,launch_wave.py | suffix=u200 warmup_batches=1 warmup_max_steps=0 slices=10
2026-09-19T09:05:16,eval,T1,BC,BC,,10,3,,,slurm/eval.sbatch,01:00:00,58186867,launch_wave.py | suffix=u200 warmup_batches=1 warmup_max_steps=0 slices=10
2026-09-19T09:05:19,eval,T1,BC,BC,,10,4,,,slurm/eval.sbatch,01:00:00,58186869,launch_wave.py | suffix=u200 warmup_batches=1 warmup_max_steps=0 slices=10
2026-09-19T09:05:23,eval,T1,BC,BC,,10,5,,,slurm/eval.sbatch,01:00:00,58186873,launch_wave.py | suffix=u200 warmup_batches=1 warmup_max_steps=0 slices=10
2026-09-19T09:05:24,eval,T1,BC,BC,,10,6,,,slurm/eval.sbatch,01:00:00,58186880,launch_wave.py | suffix=u200 warmup_batches=1 warmup_max_steps=0 slices=10
2026-09-19T09:05:30,eval,T1,BC,BC,,10,7,,,slurm/eval.sbatch,01:00:00,58186884,launch_wave.py | suffix=u200 warmup_batches=1 warmup_max_steps=0 slices=10
2026-09-19T09:05:32,eval,T1,BC,BC,,10,8,,,slurm/eval.sbatch,01:00:00,58186886,launch_wave.py | suffix=u200 warmup_batches=1 warmup_max_steps=0 slices=10
2026-09-19T09:05:39,eval,T1,BC,BC,,10,9,,,slurm/eval.sbatch,01:00:00,58186889,launch_wave.py | suffix=u200 warmup_batches=1 warmup_max_steps=0 slices=10
2026-09-19T09:05:44,eval,T1,BC,BC,,25,0,,,slurm/eval.sbatch,01:00:00,58186892,launch_wave.py | suffix=u200 warmup_batches=1 warmup_max_steps=0 slices=10
2026-09-19T09:05:55,eval,T1,BC,BC,,25,1,,,slurm/eval.sbatch,01:00:00,58186920,launch_wave.py | suffix=u200 warmup_batches=1 warmup_max_steps=0 slices=10
2026-09-19T09:05:57,eval,T1,BC,BC,,25,2,,,slurm/eval.sbatch,01:00:00,58186923,launch_wave.py | suffix=u200 warmup_batches=1 warmup_max_steps=0 slices=10
2026-09-19T09:05:59,eval,T1,BC,BC,,25,3,,,slurm/eval.sbatch,01:00:00,58186924,launch_wave.py | suffix=u200 warmup_batches=1 warmup_max_steps=0 slices=10
2026-09-19T09:06:01,eval,T1,BC,BC,,25,4,,,slurm/eval.sbatch,01:00:00,58186925,launch_wave.py | suffix=u200 warmup_batches=1 warmup_max_steps=0 slices=10
2026-09-19T09:06:05,eval,T1,BC,BC,,25,5,,,slurm/eval.sbatch,01:00:00,58186926,launch_wave.py | suffix=u200 warmup_batches=1 warmup_max_steps=0 slices=10
2026-09-19T09:06:09,eval,T1,BC,BC,,25,6,,,slurm/eval.sbatch,01:00:00,58186928,launch_wave.py | suffix=u200 warmup_batches=1 warmup_max_steps=0 slices=10
2026-09-19T09:06:10,eval,T1,BC,BC,,25,7,,,slurm/eval.sbatch,01:00:00,58186929,launch_wave.py | suffix=u200 warmup_batches=1 warmup_max_steps=0 slices=10
2026-09-19T09:06:12,eval,T1,BC,BC,,25,8,,,slurm/eval.sbatch,01:00:00,58186930,launch_wave.py | suffix=u200 warmup_batches=1 warmup_max_steps=0 slices=10
2026-09-19T09:06:15,eval,T1,BC,BC,,25,9,,,slurm/eval.sbatch,01:00:00,58186933,launch_wave.py | suffix=u200 warmup_batches=1 warmup_max_steps=0 slices=10
2026-09-19T09:06:19,eval,T1,BC,BC,,50,0,,,slurm/eval.sbatch,01:00:00,58186934,launch_wave.py | suffix=u200 warmup_batches=1 warmup_max_steps=0 slices=10
2026-09-19T09:06:20,eval,T1,BC,BC,,50,1,,,slurm/eval.sbatch,01:00:00,58186935,launch_wave.py | suffix=u200 warmup_batches=1 warmup_max_steps=0 slices=10
2026-09-19T09:06:23,eval,T1,BC,BC,,50,2,,,slurm/eval.sbatch,01:00:00,58186937,launch_wave.py | suffix=u200 warmup_batches=1 warmup_max_steps=0 slices=10
2026-09-19T09:06:29,eval,T1,BC,BC,,50,3,,,slurm/eval.sbatch,01:00:00,58186940,launch_wave.py | suffix=u200 warmup_batches=1 warmup_max_steps=0 slices=10
2026-09-19T09:06:30,eval,T1,BC,BC,,50,4,,,slurm/eval.sbatch,01:00:00,58186942,launch_wave.py | suffix=u200 warmup_batches=1 warmup_max_steps=0 slices=10
2026-09-19T09:06:34,eval,T1,BC,BC,,50,5,,,slurm/eval.sbatch,01:00:00,58186944,launch_wave.py | suffix=u200 warmup_batches=1 warmup_max_steps=0 slices=10
2026-09-19T09:06:38,eval,T1,BC,BC,,50,6,,,slurm/eval.sbatch,01:00:00,58186948,launch_wave.py | suffix=u200 warmup_batches=1 warmup_max_steps=0 slices=10
2026-09-19T09:06:42,eval,T1,BC,BC,,50,7,,,slurm/eval.sbatch,01:00:00,58186951,launch_wave.py | suffix=u200 warmup_batches=1 warmup_max_steps=0 slices=10
2026-09-19T09:06:47,eval,T1,BC,BC,,50,8,,,slurm/eval.sbatch,01:00:00,58186978,launch_wave.py | suffix=u200 warmup_batches=1 warmup_max_steps=0 slices=10
2026-09-19T09:06:50,eval,T1,BC,BC,,50,9,,,slurm/eval.sbatch,01:00:00,58186989,launch_wave.py | suffix=u200 warmup_batches=1 warmup_max_steps=0 slices=10
2026-09-19T09:06:51,eval,T1,BC,BC,,100,0,,,slurm/eval.sbatch,01:00:00,58186994,launch_wave.py | suffix=u200 warmup_batches=1 warmup_max_steps=0 slices=10
2026-09-19T09:06:54,eval,T1,BC,BC,,100,1,,,slurm/eval.sbatch,01:00:00,58186997,launch_wave.py | suffix=u200 warmup_batches=1 warmup_max_steps=0 slices=10
2026-09-19T09:06:57,eval,T1,BC,BC,,100,2,,,slurm/eval.sbatch,01:00:00,58186998,launch_wave.py | suffix=u200 warmup_batches=1 warmup_max_steps=0 slices=10
2026-09-19T09:06:58,eval,T1,BC,BC,,100,3,,,slurm/eval.sbatch,01:00:00,58187000,launch_wave.py | suffix=u200 warmup_batches=1 warmup_max_steps=0 slices=10
2026-09-19T09:07:01,eval,T1,BC,BC,,100,4,,,slurm/eval.sbatch,01:00:00,58187002,launch_wave.py | suffix=u200 warmup_batches=1 warmup_max_steps=0 slices=10
2026-09-19T09:07:09,eval,T1,BC,BC,,100,5,,,slurm/eval.sbatch,01:00:00,58187013,launch_wave.py | suffix=u200 warmup_batches=1 warmup_max_steps=0 slices=10
2026-09-19T09:07:13,eval,T1,BC,BC,,100,6,,,slurm/eval.sbatch,01:00:00,58187014,launch_wave.py | suffix=u200 warmup_batches=1 warmup_max_steps=0 slices=10
2026-09-19T09:07:15,eval,T1,BC,BC,,100,7,,,slurm/eval.sbatch,01:00:00,58187015,launch_wave.py | suffix=u200 warmup_batches=1 warmup_max_steps=0 slices=10
2026-09-19T09:07:16,eval,T1,BC,BC,,100,8,,,slurm/eval.sbatch,01:00:00,58187017,launch_wave.py | suffix=u200 warmup_batches=1 warmup_max_steps=0 slices=10
2026-09-19T09:07:23,eval,T1,BC,BC,,100,9,,,slurm/eval.sbatch,01:00:00,58187018,launch_wave.py | suffix=u200 warmup_batches=1 warmup_max_steps=0 slices=10
2026-09-19T09:07:25,eval,T1,BC,BC,,200,0,,,slurm/eval.sbatch,01:00:00,58187019,launch_wave.py | suffix=u200 warmup_batches=1 warmup_max_steps=0 slices=10
2026-09-19T09:07:29,eval,T1,BC,BC,,200,1,,,slurm/eval.sbatch,01:00:00,58187020,launch_wave.py | suffix=u200 warmup_batches=1 warmup_max_steps=0 slices=10
2026-09-19T09:07:32,eval,T1,BC,BC,,200,2,,,slurm/eval.sbatch,01:00:00,58187021,launch_wave.py | suffix=u200 warmup_batches=1 warmup_max_steps=0 slices=10
2026-09-19T09:07:34,eval,T1,BC,BC,,200,3,,,slurm/eval.sbatch,01:00:00,58187023,launch_wave.py | suffix=u200 warmup_batches=1 warmup_max_steps=0 slices=10
2026-09-19T09:07:38,eval,T1,BC,BC,,200,4,,,slurm/eval.sbatch,01:00:00,58187027,launch_wave.py | suffix=u200 warmup_batches=1 warmup_max_steps=0 slices=10
2026-09-19T09:07:42,eval,T1,BC,BC,,200,5,,,slurm/eval.sbatch,01:00:00,58187054,launch_wave.py | suffix=u200 warmup_batches=1 warmup_max_steps=0 slices=10
2026-09-19T09:07:43,eval,T1,BC,BC,,200,6,,,slurm/eval.sbatch,01:00:00,58187063,launch_wave.py | suffix=u200 warmup_batches=1 warmup_max_steps=0 slices=10
2026-09-19T09:07:46,eval,T1,BC,BC,,200,7,,,slurm/eval.sbatch,01:00:00,58187065,launch_wave.py | suffix=u200 warmup_batches=1 warmup_max_steps=0 slices=10
2026-09-19T09:07:47,eval,T1,BC,BC,,200,8,,,slurm/eval.sbatch,01:00:00,58187067,launch_wave.py | suffix=u200 warmup_batches=1 warmup_max_steps=0 slices=10
2026-09-19T09:07:54,eval,T1,BC,BC,,200,9,,,slurm/eval.sbatch,01:00:00,58187072,launch_wave.py | suffix=u200 warmup_batches=1 warmup_max_steps=0 slices=10
2026-09-19T09:07:55,eval,T1,BC,BC,,400,0,,,slurm/eval.sbatch,01:00:00,58187077,launch_wave.py | suffix=u200 warmup_batches=1 warmup_max_steps=0 slices=10
2026-09-19T09:08:05,eval,T1,BC,BC,,400,1,,,slurm/eval.sbatch,01:00:00,58187114,launch_wave.py | suffix=u200 warmup_batches=1 warmup_max_steps=0 slices=10
2026-09-19T09:08:09,eval,T1,BC,BC,,400,2,,,slurm/eval.sbatch,01:00:00,58187115,launch_wave.py | suffix=u200 warmup_batches=1 warmup_max_steps=0 slices=10
2026-09-19T09:08:12,eval,T1,BC,BC,,400,3,,,slurm/eval.sbatch,01:00:00,58187117,launch_wave.py | suffix=u200 warmup_batches=1 warmup_max_steps=0 slices=10
2026-09-19T09:08:16,eval,T1,BC,BC,,400,4,,,slurm/eval.sbatch,01:00:00,58187118,launch_wave.py | suffix=u200 warmup_batches=1 warmup_max_steps=0 slices=10
2026-09-19T09:08:26,eval,T1,BC,BC,,400,5,,,slurm/eval.sbatch,01:00:00,58187121,launch_wave.py | suffix=u200 warmup_batches=1 warmup_max_steps=0 slices=10
2026-09-19T09:08:30,eval,T1,BC,BC,,400,6,,,slurm/eval.sbatch,01:00:00,58187150,launch_wave.py | suffix=u200 warmup_batches=1 warmup_max_steps=0 slices=10
2026-09-19T09:08:34,eval,T1,BC,BC,,400,7,,,slurm/eval.sbatch,01:00:00,58187151,launch_wave.py | suffix=u200 warmup_batches=1 warmup_max_steps=0 slices=10
2026-09-19T09:08:37,eval,T1,BC,BC,,400,8,,,slurm/eval.sbatch,01:00:00,58187153,launch_wave.py | suffix=u200 warmup_batches=1 warmup_max_steps=0 slices=10
2026-09-19T09:08:41,eval,T1,BC,BC,,400,9,,,slurm/eval.sbatch,01:00:00,58187154,launch_wave.py | suffix=u200 warmup_batches=1 warmup_max_steps=0 slices=10
2026-09-19T09:09:05,eval,T3,AC,AC,,10,0,,,slurm/eval.sbatch,01:30:00,58187185,launch_wave.py | suffix=u200 warmup_batches=1 warmup_max_steps=0 slices=10
2026-09-19T09:09:14,eval,T3,AC,AC,,10,1,,,slurm/eval.sbatch,01:30:00,58187190,launch_wave.py | suffix=u200 warmup_batches=1 warmup_max_steps=0 slices=10
2026-09-19T09:09:23,eval,T3,AC,AC,,10,2,,,slurm/eval.sbatch,01:30:00,58187206,launch_wave.py | suffix=u200 warmup_batches=1 warmup_max_steps=0 slices=10
2026-09-19T09:09:25,eval,T3,AC,AC,,10,3,,,slurm/eval.sbatch,01:30:00,58187214,launch_wave.py | suffix=u200 warmup_batches=1 warmup_max_steps=0 slices=10
2026-09-19T09:09:27,eval,T3,AC,AC,,10,4,,,slurm/eval.sbatch,01:30:00,58187219,launch_wave.py | suffix=u200 warmup_batches=1 warmup_max_steps=0 slices=10
2026-09-19T09:09:35,eval,T3,AC,AC,,10,5,,,slurm/eval.sbatch,01:30:00,58187240,launch_wave.py | suffix=u200 warmup_batches=1 warmup_max_steps=0 slices=10
2026-09-19T09:09:45,eval,T3,AC,AC,,10,6,,,slurm/eval.sbatch,01:30:00,58187277,launch_wave.py | suffix=u200 warmup_batches=1 warmup_max_steps=0 slices=10
2026-09-19T09:09:49,eval,T3,AC,AC,,10,7,,,slurm/eval.sbatch,01:30:00,58187287,launch_wave.py | suffix=u200 warmup_batches=1 warmup_max_steps=0 slices=10
2026-09-19T09:09:53,eval,T3,AC,AC,,10,8,,,slurm/eval.sbatch,01:30:00,58187296,launch_wave.py | suffix=u200 warmup_batches=1 warmup_max_steps=0 slices=10
2026-09-19T09:09:54,eval,T3,AC,AC,,10,9,,,slurm/eval.sbatch,01:30:00,58187302,launch_wave.py | suffix=u200 warmup_batches=1 warmup_max_steps=0 slices=10
2026-09-19T09:10:08,eval,T3,AC,AC,,25,0,,,slurm/eval.sbatch,01:30:00,58187315,launch_wave.py | suffix=u200 warmup_batches=1 warmup_max_steps=0 slices=10
2026-09-19T09:10:12,eval,T3,AC,AC,,25,1,,,slurm/eval.sbatch,01:30:00,58187324,launch_wave.py | suffix=u200 warmup_batches=1 warmup_max_steps=0 slices=10
2026-09-19T09:10:14,eval,T3,AC,AC,,25,2,,,slurm/eval.sbatch,01:30:00,58187327,launch_wave.py | suffix=u200 warmup_batches=1 warmup_max_steps=0 slices=10
2026-09-19T09:10:16,eval,T3,AC,AC,,25,3,,,slurm/eval.sbatch,01:30:00,58187329,launch_wave.py | suffix=u200 warmup_batches=1 warmup_max_steps=0 slices=10
2026-09-19T09:10:20,eval,T3,AC,AC,,25,4,,,slurm/eval.sbatch,01:30:00,58187332,launch_wave.py | suffix=u200 warmup_batches=1 warmup_max_steps=0 slices=10
2026-09-19T09:10:24,eval,T3,AC,AC,,25,5,,,slurm/eval.sbatch,01:30:00,58187349,launch_wave.py | suffix=u200 warmup_batches=1 warmup_max_steps=0 slices=10
2026-09-19T09:10:25,eval,T3,AC,AC,,25,6,,,slurm/eval.sbatch,01:30:00,58187358,launch_wave.py | suffix=u200 warmup_batches=1 warmup_max_steps=0 slices=10
2026-09-19T09:10:28,eval,T3,AC,AC,,25,7,,,slurm/eval.sbatch,01:30:00,58187359,launch_wave.py | suffix=u200 warmup_batches=1 warmup_max_steps=0 slices=10
2026-09-19T09:10:31,eval,T3,AC,AC,,25,8,,,slurm/eval.sbatch,01:30:00,58187373,launch_wave.py | suffix=u200 warmup_batches=1 warmup_max_steps=0 slices=10
2026-09-19T09:10:36,eval,T3,AC,AC,,25,9,,,slurm/eval.sbatch,01:30:00,58187391,launch_wave.py | suffix=u200 warmup_batches=1 warmup_max_steps=0 slices=10
2026-09-19T09:11:10,eval,T3,AC,AC,,50,0,,,slurm/eval.sbatch,01:30:00,58187425,launch_wave.py | suffix=u200 warmup_batches=1 warmup_max_steps=0 slices=10
2026-09-19T09:11:14,eval,T3,AC,AC,,50,1,,,slurm/eval.sbatch,01:30:00,58187445,launch_wave.py | suffix=u200 warmup_batches=1 warmup_max_steps=0 slices=10
2026-09-19T09:11:17,eval,T3,AC,AC,,50,2,,,slurm/eval.sbatch,01:30:00,58187453,launch_wave.py | suffix=u200 warmup_batches=1 warmup_max_steps=0 slices=10
2026-09-19T09:11:21,eval,T3,AC,AC,,50,3,,,slurm/eval.sbatch,01:30:00,58187458,launch_wave.py | suffix=u200 warmup_batches=1 warmup_max_steps=0 slices=10
2026-09-19T09:11:22,eval,T3,AC,AC,,50,4,,,slurm/eval.sbatch,01:30:00,58187460,launch_wave.py | suffix=u200 warmup_batches=1 warmup_max_steps=0 slices=10
2026-09-19T09:11:25,eval,T3,AC,AC,,50,5,,,slurm/eval.sbatch,01:30:00,58187464,launch_wave.py | suffix=u200 warmup_batches=1 warmup_max_steps=0 slices=10
2026-09-19T09:11:26,eval,T3,AC,AC,,50,6,,,slurm/eval.sbatch,01:30:00,58187467,launch_wave.py | suffix=u200 warmup_batches=1 warmup_max_steps=0 slices=10
2026-09-19T09:11:29,eval,T3,AC,AC,,50,7,,,slurm/eval.sbatch,01:30:00,58187470,launch_wave.py | suffix=u200 warmup_batches=1 warmup_max_steps=0 slices=10
2026-09-19T09:11:30,eval,T3,AC,AC,,50,8,,,slurm/eval.sbatch,01:30:00,58187472,launch_wave.py | suffix=u200 warmup_batches=1 warmup_max_steps=0 slices=10
2026-09-19T09:11:33,eval,T3,AC,AC,,50,9,,,slurm/eval.sbatch,01:30:00,58187475,launch_wave.py | suffix=u200 warmup_batches=1 warmup_max_steps=0 slices=10
2026-09-19T09:11:34,eval,T3,AC,AC,,100,0,,,slurm/eval.sbatch,01:30:00,58187477,launch_wave.py | suffix=u200 warmup_batches=1 warmup_max_steps=0 slices=10
2026-09-19T09:11:37,eval,T3,AC,AC,,100,1,,,slurm/eval.sbatch,01:30:00,58187480,launch_wave.py | suffix=u200 warmup_batches=1 warmup_max_steps=0 slices=10
2026-09-19T09:11:38,eval,T3,AC,AC,,100,2,,,slurm/eval.sbatch,01:30:00,58187482,launch_wave.py | suffix=u200 warmup_batches=1 warmup_max_steps=0 slices=10
2026-09-19T09:11:45,eval,T3,AC,AC,,100,3,,,slurm/eval.sbatch,01:30:00,58187486,launch_wave.py | suffix=u200 warmup_batches=1 warmup_max_steps=0 slices=10
2026-09-19T09:11:51,eval,T3,AC,AC,,100,4,,,slurm/eval.sbatch,01:30:00,58187489,launch_wave.py | suffix=u200 warmup_batches=1 warmup_max_steps=0 slices=10
2026-09-19T09:11:55,eval,T3,AC,AC,,100,5,,,slurm/eval.sbatch,01:30:00,58187495,launch_wave.py | suffix=u200 warmup_batches=1 warmup_max_steps=0 slices=10
2026-09-19T09:11:59,eval,T3,AC,AC,,100,6,,,slurm/eval.sbatch,01:30:00,58187496,launch_wave.py | suffix=u200 warmup_batches=1 warmup_max_steps=0 slices=10
2026-09-19T09:12:04,eval,T3,AC,AC,,100,7,,,slurm/eval.sbatch,01:30:00,58187517,launch_wave.py | suffix=u200 warmup_batches=1 warmup_max_steps=0 slices=10
2026-09-19T09:12:07,eval,T3,AC,AC,,100,8,,,slurm/eval.sbatch,01:30:00,58187522,launch_wave.py | suffix=u200 warmup_batches=1 warmup_max_steps=0 slices=10
2026-09-19T09:12:08,eval,T3,AC,AC,,100,9,,,slurm/eval.sbatch,01:30:00,58187528,launch_wave.py | suffix=u200 warmup_batches=1 warmup_max_steps=0 slices=10
2026-09-19T09:12:10,eval,T3,AC,AC,,200,0,,,slurm/eval.sbatch,01:30:00,58187537,launch_wave.py | suffix=u200 warmup_batches=1 warmup_max_steps=0 slices=10
2026-09-19T09:12:13,eval,T3,AC,AC,,200,1,,,slurm/eval.sbatch,01:30:00,58187542,launch_wave.py | suffix=u200 warmup_batches=1 warmup_max_steps=0 slices=10
2026-09-19T09:12:17,eval,T3,AC,AC,,200,2,,,slurm/eval.sbatch,01:30:00,58187550,launch_wave.py | suffix=u200 warmup_batches=1 warmup_max_steps=0 slices=10
2026-09-19T09:12:18,eval,T3,AC,AC,,200,3,,,slurm/eval.sbatch,01:30:00,58187554,launch_wave.py | suffix=u200 warmup_batches=1 warmup_max_steps=0 slices=10
2026-09-19T09:12:22,eval,T3,AC,AC,,200,4,,,slurm/eval.sbatch,01:30:00,58187558,launch_wave.py | suffix=u200 warmup_batches=1 warmup_max_steps=0 slices=10
2026-09-19T09:12:23,eval,T3,AC,AC,,200,5,,,slurm/eval.sbatch,01:30:00,58187560,launch_wave.py | suffix=u200 warmup_batches=1 warmup_max_steps=0 slices=10
2026-09-19T09:12:27,eval,T3,AC,AC,,200,6,,,slurm/eval.sbatch,01:30:00,58187563,launch_wave.py | suffix=u200 warmup_batches=1 warmup_max_steps=0 slices=10
2026-09-19T09:12:28,eval,T3,AC,AC,,200,7,,,slurm/eval.sbatch,01:30:00,58187564,launch_wave.py | suffix=u200 warmup_batches=1 warmup_max_steps=0 slices=10
2026-09-19T09:12:33,eval,T3,AC,AC,,200,8,,,slurm/eval.sbatch,01:30:00,58187566,launch_wave.py | suffix=u200 warmup_batches=1 warmup_max_steps=0 slices=10
2026-09-19T09:12:35,eval,T3,AC,AC,,200,9,,,slurm/eval.sbatch,01:30:00,58187567,launch_wave.py | suffix=u200 warmup_batches=1 warmup_max_steps=0 slices=10
2026-09-19T09:12:37,eval,T3,AC,AC,,400,0,,,slurm/eval.sbatch,01:30:00,58187568,launch_wave.py | suffix=u200 warmup_batches=1 warmup_max_steps=0 slices=10
2026-09-19T09:12:41,eval,T3,AC,AC,,400,1,,,slurm/eval.sbatch,01:30:00,58187569,launch_wave.py | suffix=u200 warmup_batches=1 warmup_max_steps=0 slices=10
2026-09-19T09:12:46,eval,T3,AC,AC,,400,2,,,slurm/eval.sbatch,01:30:00,58187570,launch_wave.py | suffix=u200 warmup_batches=1 warmup_max_steps=0 slices=10
2026-09-19T09:12:49,eval,T3,AC,AC,,400,3,,,slurm/eval.sbatch,01:30:00,58187587,launch_wave.py | suffix=u200 warmup_batches=1 warmup_max_steps=0 slices=10
2026-09-19T09:12:51,eval,T3,AC,AC,,400,4,,,slurm/eval.sbatch,01:30:00,58187590,launch_wave.py | suffix=u200 warmup_batches=1 warmup_max_steps=0 slices=10
2026-09-19T09:12:53,eval,T3,AC,AC,,400,5,,,slurm/eval.sbatch,01:30:00,58187593,launch_wave.py | suffix=u200 warmup_batches=1 warmup_max_steps=0 slices=10
2026-09-19T09:12:54,eval,T3,AC,AC,,400,6,,,slurm/eval.sbatch,01:30:00,58187594,launch_wave.py | suffix=u200 warmup_batches=1 warmup_max_steps=0 slices=10
2026-09-19T09:12:56,eval,T3,AC,AC,,400,7,,,slurm/eval.sbatch,01:30:00,58187595,launch_wave.py | suffix=u200 warmup_batches=1 warmup_max_steps=0 slices=10
2026-09-19T09:12:57,eval,T3,AC,AC,,400,8,,,slurm/eval.sbatch,01:30:00,58187597,launch_wave.py | suffix=u200 warmup_batches=1 warmup_max_steps=0 slices=10
2026-09-19T09:13:00,eval,T3,AC,AC,,400,9,,,slurm/eval.sbatch,01:30:00,58187601,launch_wave.py | suffix=u200 warmup_batches=1 warmup_max_steps=0 slices=10
2026-09-19T09:13:01,eval,T3,BC,BC,,10,0,,,slurm/eval.sbatch,01:30:00,58187602,launch_wave.py | suffix=u200 warmup_batches=1 warmup_max_steps=0 slices=10
2026-09-19T09:13:04,eval,T3,BC,BC,,10,1,,,slurm/eval.sbatch,01:30:00,58187604,launch_wave.py | suffix=u200 warmup_batches=1 warmup_max_steps=0 slices=10
2026-09-19T09:13:05,eval,T3,BC,BC,,10,2,,,slurm/eval.sbatch,01:30:00,58187605,launch_wave.py | suffix=u200 warmup_batches=1 warmup_max_steps=0 slices=10
2026-09-19T09:13:08,eval,T3,BC,BC,,10,3,,,slurm/eval.sbatch,01:30:00,58187607,launch_wave.py | suffix=u200 warmup_batches=1 warmup_max_steps=0 slices=10
2026-09-19T09:13:09,eval,T3,BC,BC,,10,4,,,slurm/eval.sbatch,01:30:00,58187608,launch_wave.py | suffix=u200 warmup_batches=1 warmup_max_steps=0 slices=10
2026-09-19T09:13:12,eval,T3,BC,BC,,10,5,,,slurm/eval.sbatch,01:30:00,58187609,launch_wave.py | suffix=u200 warmup_batches=1 warmup_max_steps=0 slices=10
2026-09-19T09:13:16,eval,T3,BC,BC,,10,6,,,slurm/eval.sbatch,01:30:00,58187610,launch_wave.py | suffix=u200 warmup_batches=1 warmup_max_steps=0 slices=10
2026-09-19T09:13:17,eval,T3,BC,BC,,10,7,,,slurm/eval.sbatch,01:30:00,58187611,launch_wave.py | suffix=u200 warmup_batches=1 warmup_max_steps=0 slices=10
2026-09-19T09:13:20,eval,T3,BC,BC,,10,8,,,slurm/eval.sbatch,01:30:00,58187612,launch_wave.py | suffix=u200 warmup_batches=1 warmup_max_steps=0 slices=10
2026-09-19T09:13:22,eval,T3,BC,BC,,10,9,,,slurm/eval.sbatch,01:30:00,58187615,launch_wave.py | suffix=u200 warmup_batches=1 warmup_max_steps=0 slices=10
2026-09-19T09:13:28,eval,T3,BC,BC,,25,0,,,slurm/eval.sbatch,01:30:00,58187617,launch_wave.py | suffix=u200 warmup_batches=1 warmup_max_steps=0 slices=10
2026-09-19T09:13:33,eval,T3,BC,BC,,25,1,,,slurm/eval.sbatch,01:30:00,58187620,launch_wave.py | suffix=u200 warmup_batches=1 warmup_max_steps=0 slices=10
2026-09-19T09:13:37,eval,T3,BC,BC,,25,2,,,slurm/eval.sbatch,01:30:00,58187629,launch_wave.py | suffix=u200 warmup_batches=1 warmup_max_steps=0 slices=10
2026-09-19T09:13:41,eval,T3,BC,BC,,25,3,,,slurm/eval.sbatch,01:30:00,58187636,launch_wave.py | suffix=u200 warmup_batches=1 warmup_max_steps=0 slices=10
2026-09-19T09:13:45,eval,T3,BC,BC,,25,4,,,slurm/eval.sbatch,01:30:00,58187663,launch_wave.py | suffix=u200 warmup_batches=1 warmup_max_steps=0 slices=10
2026-09-19T09:13:46,eval,T3,BC,BC,,25,5,,,slurm/eval.sbatch,01:30:00,58187668,launch_wave.py | suffix=u200 warmup_batches=1 warmup_max_steps=0 slices=10
2026-09-19T09:13:49,eval,T3,BC,BC,,25,6,,,slurm/eval.sbatch,01:30:00,58187672,launch_wave.py | suffix=u200 warmup_batches=1 warmup_max_steps=0 slices=10
2026-09-19T09:13:53,eval,T3,BC,BC,,25,7,,,slurm/eval.sbatch,01:30:00,58187678,launch_wave.py | suffix=u200 warmup_batches=1 warmup_max_steps=0 slices=10
2026-09-19T09:13:54,eval,T3,BC,BC,,25,8,,,slurm/eval.sbatch,01:30:00,58187679,launch_wave.py | suffix=u200 warmup_batches=1 warmup_max_steps=0 slices=10
2026-09-19T09:13:57,eval,T3,BC,BC,,25,9,,,slurm/eval.sbatch,01:30:00,58187682,launch_wave.py | suffix=u200 warmup_batches=1 warmup_max_steps=0 slices=10
2026-09-19T09:13:58,eval,T3,BC,BC,,50,0,,,slurm/eval.sbatch,01:30:00,58187687,launch_wave.py | suffix=u200 warmup_batches=1 warmup_max_steps=0 slices=10
2026-09-19T09:14:01,eval,T3,BC,BC,,50,1,,,slurm/eval.sbatch,01:30:00,58187693,launch_wave.py | suffix=u200 warmup_batches=1 warmup_max_steps=0 slices=10
2026-09-19T09:14:22,eval,T3,BC,BC,,50,2,,,slurm/eval.sbatch,01:30:00,58187699,launch_wave.py | suffix=u200 warmup_batches=1 warmup_max_steps=0 slices=10
2026-09-19T09:14:28,eval,T3,BC,BC,,50,3,,,slurm/eval.sbatch,01:30:00,58187700,launch_wave.py | suffix=u200 warmup_batches=1 warmup_max_steps=0 slices=10
2026-09-19T09:14:37,eval,T3,BC,BC,,50,4,,,slurm/eval.sbatch,01:30:00,58187720,launch_wave.py | suffix=u200 warmup_batches=1 warmup_max_steps=0 slices=10
2026-09-19T09:14:38,eval,T3,BC,BC,,50,5,,,slurm/eval.sbatch,01:30:00,58187721,launch_wave.py | suffix=u200 warmup_batches=1 warmup_max_steps=0 slices=10
2026-09-19T09:14:41,eval,T3,BC,BC,,50,6,,,slurm/eval.sbatch,01:30:00,58187722,launch_wave.py | suffix=u200 warmup_batches=1 warmup_max_steps=0 slices=10
2026-09-19T09:14:45,eval,T3,BC,BC,,50,7,,,slurm/eval.sbatch,01:30:00,58187724,launch_wave.py | suffix=u200 warmup_batches=1 warmup_max_steps=0 slices=10
2026-09-19T09:14:49,eval,T3,BC,BC,,50,8,,,slurm/eval.sbatch,01:30:00,58187727,launch_wave.py | suffix=u200 warmup_batches=1 warmup_max_steps=0 slices=10
2026-09-19T09:14:53,eval,T3,BC,BC,,50,9,,,slurm/eval.sbatch,01:30:00,58187737,launch_wave.py | suffix=u200 warmup_batches=1 warmup_max_steps=0 slices=10
2026-09-19T09:14:54,eval,T3,BC,BC,,100,0,,,slurm/eval.sbatch,01:30:00,58187743,launch_wave.py | suffix=u200 warmup_batches=1 warmup_max_steps=0 slices=10
2026-09-19T09:14:57,eval,T3,BC,BC,,100,1,,,slurm/eval.sbatch,01:30:00,58187754,launch_wave.py | suffix=u200 warmup_batches=1 warmup_max_steps=0 slices=10
2026-09-19T09:15:01,eval,T3,BC,BC,,100,2,,,slurm/eval.sbatch,01:30:00,58187755,launch_wave.py | suffix=u200 warmup_batches=1 warmup_max_steps=0 slices=10
2026-09-19T09:15:13,eval,T3,BC,BC,,100,3,,,slurm/eval.sbatch,01:30:00,58187772,launch_wave.py | suffix=u200 warmup_batches=1 warmup_max_steps=0 slices=10
2026-09-19T09:15:21,eval,T3,BC,BC,,100,4,,,slurm/eval.sbatch,01:30:00,58187773,launch_wave.py | suffix=u200 warmup_batches=1 warmup_max_steps=0 slices=10
2026-09-19T09:15:25,eval,T3,BC,BC,,100,5,,,slurm/eval.sbatch,01:30:00,58187774,launch_wave.py | suffix=u200 warmup_batches=1 warmup_max_steps=0 slices=10
2026-09-19T09:15:26,eval,T3,BC,BC,,100,6,,,slurm/eval.sbatch,01:30:00,58187780,launch_wave.py | suffix=u200 warmup_batches=1 warmup_max_steps=0 slices=10
2026-09-19T09:15:29,eval,T3,BC,BC,,100,7,,,slurm/eval.sbatch,01:30:00,58187781,launch_wave.py | suffix=u200 warmup_batches=1 warmup_max_steps=0 slices=10
2026-09-19T09:15:38,eval,T3,BC,BC,,100,8,,,slurm/eval.sbatch,01:30:00,58187788,launch_wave.py | suffix=u200 warmup_batches=1 warmup_max_steps=0 slices=10
2026-09-19T09:15:43,eval,T3,BC,BC,,100,9,,,slurm/eval.sbatch,01:30:00,58187791,launch_wave.py | suffix=u200 warmup_batches=1 warmup_max_steps=0 slices=10
2026-09-19T09:15:58,eval,T3,BC,BC,,200,0,,,slurm/eval.sbatch,01:30:00,58187800,launch_wave.py | suffix=u200 warmup_batches=1 warmup_max_steps=0 slices=10
2026-09-19T09:16:06,eval,T3,BC,BC,,200,1,,,slurm/eval.sbatch,01:30:00,58187829,launch_wave.py | suffix=u200 warmup_batches=1 warmup_max_steps=0 slices=10
2026-09-19T09:16:07,eval,T3,BC,BC,,200,2,,,slurm/eval.sbatch,01:30:00,58187831,launch_wave.py | suffix=u200 warmup_batches=1 warmup_max_steps=0 slices=10
2026-09-19T09:16:13,eval,T3,BC,BC,,200,3,,,slurm/eval.sbatch,01:30:00,58187834,launch_wave.py | suffix=u200 warmup_batches=1 warmup_max_steps=0 slices=10
2026-09-19T09:16:14,eval,T3,BC,BC,,200,4,,,slurm/eval.sbatch,01:30:00,58187835,launch_wave.py | suffix=u200 warmup_batches=1 warmup_max_steps=0 slices=10
2026-09-19T09:16:25,eval,T3,BC,BC,,200,5,,,slurm/eval.sbatch,01:30:00,58187841,launch_wave.py | suffix=u200 warmup_batches=1 warmup_max_steps=0 slices=10
2026-09-19T09:16:29,eval,T3,BC,BC,,200,6,,,slurm/eval.sbatch,01:30:00,58187842,launch_wave.py | suffix=u200 warmup_batches=1 warmup_max_steps=0 slices=10
2026-09-19T09:16:33,eval,T3,BC,BC,,200,7,,,slurm/eval.sbatch,01:30:00,58187843,launch_wave.py | suffix=u200 warmup_batches=1 warmup_max_steps=0 slices=10
2026-09-19T09:16:39,eval,T3,BC,BC,,200,8,,,slurm/eval.sbatch,01:30:00,58187848,launch_wave.py | suffix=u200 warmup_batches=1 warmup_max_steps=0 slices=10
2026-09-19T09:16:47,eval,T3,BC,BC,,200,9,,,slurm/eval.sbatch,01:30:00,58187852,launch_wave.py | suffix=u200 warmup_batches=1 warmup_max_steps=0 slices=10
2026-09-19T09:16:53,eval,T3,BC,BC,,400,0,,,slurm/eval.sbatch,01:30:00,58187865,launch_wave.py | suffix=u200 warmup_batches=1 warmup_max_steps=0 slices=10
2026-09-19T09:16:57,eval,T3,BC,BC,,400,1,,,slurm/eval.sbatch,01:30:00,58187872,launch_wave.py | suffix=u200 warmup_batches=1 warmup_max_steps=0 slices=10
2026-09-19T09:17:02,eval,T3,BC,BC,,400,2,,,slurm/eval.sbatch,01:30:00,58187898,launch_wave.py | suffix=u200 warmup_batches=1 warmup_max_steps=0 slices=10
2026-09-19T09:17:05,eval,T3,BC,BC,,400,3,,,slurm/eval.sbatch,01:30:00,58187901,launch_wave.py | suffix=u200 warmup_batches=1 warmup_max_steps=0 slices=10
2026-09-19T09:17:09,eval,T3,BC,BC,,400,4,,,slurm/eval.sbatch,01:30:00,58187902,launch_wave.py | suffix=u200 warmup_batches=1 warmup_max_steps=0 slices=10
2026-09-19T09:17:13,eval,T3,BC,BC,,400,5,,,slurm/eval.sbatch,01:30:00,58187903,launch_wave.py | suffix=u200 warmup_batches=1 warmup_max_steps=0 slices=10
2026-09-19T09:17:14,eval,T3,BC,BC,,400,6,,,slurm/eval.sbatch,01:30:00,58187905,launch_wave.py | suffix=u200 warmup_batches=1 warmup_max_steps=0 slices=10
2026-09-19T09:17:17,eval,T3,BC,BC,,400,7,,,slurm/eval.sbatch,01:30:00,58187906,launch_wave.py | suffix=u200 warmup_batches=1 warmup_max_steps=0 slices=10
2026-09-19T09:17:26,eval,T3,BC,BC,,400,8,,,slurm/eval.sbatch,01:30:00,58187907,launch_wave.py | suffix=u200 warmup_batches=1 warmup_max_steps=0 slices=10
2026-09-19T09:17:29,eval,T3,BC,BC,,400,9,,,slurm/eval.sbatch,01:30:00,58187908,launch_wave.py | suffix=u200 warmup_batches=1 warmup_max_steps=0 slices=10
2026-09-19T09:17:42,eval,T2,AC,AC,,10,0,,,slurm/eval.sbatch,02:00:00,58187915,launch_wave.py | suffix=u200 warmup_batches=1 warmup_max_steps=0 slices=10
2026-09-19T09:17:45,eval,T2,AC,AC,,10,1,,,slurm/eval.sbatch,02:00:00,58187920,launch_wave.py | suffix=u200 warmup_batches=1 warmup_max_steps=0 slices=10
2026-09-19T09:17:49,eval,T2,AC,AC,,10,2,,,slurm/eval.sbatch,02:00:00,58187925,launch_wave.py | suffix=u200 warmup_batches=1 warmup_max_steps=0 slices=10
2026-09-19T09:17:53,eval,T2,AC,AC,,10,3,,,slurm/eval.sbatch,02:00:00,58187953,launch_wave.py | suffix=u200 warmup_batches=1 warmup_max_steps=0 slices=10
2026-09-19T09:17:57,eval,T2,AC,AC,,10,4,,,slurm/eval.sbatch,02:00:00,58187955,launch_wave.py | suffix=u200 warmup_batches=1 warmup_max_steps=0 slices=10
2026-09-19T09:17:58,eval,T2,AC,AC,,10,5,,,slurm/eval.sbatch,02:00:00,58187956,launch_wave.py | suffix=u200 warmup_batches=1 warmup_max_steps=0 slices=10
2026-09-19T09:18:05,eval,T2,AC,AC,,10,6,,,slurm/eval.sbatch,02:00:00,58187961,launch_wave.py | suffix=u200 warmup_batches=1 warmup_max_steps=0 slices=10
2026-09-19T09:18:09,eval,T2,AC,AC,,10,7,,,slurm/eval.sbatch,02:00:00,58187965,launch_wave.py | suffix=u200 warmup_batches=1 warmup_max_steps=0 slices=10
2026-09-19T09:18:13,eval,T2,AC,AC,,10,8,,,slurm/eval.sbatch,02:00:00,58187966,launch_wave.py | suffix=u200 warmup_batches=1 warmup_max_steps=0 slices=10
2026-09-19T09:18:17,eval,T2,AC,AC,,10,9,,,slurm/eval.sbatch,02:00:00,58187970,launch_wave.py | suffix=u200 warmup_batches=1 warmup_max_steps=0 slices=10
2026-09-19T09:18:18,eval,T2,AC,AC,,25,0,,,slurm/eval.sbatch,02:00:00,58187977,launch_wave.py | suffix=u200 warmup_batches=1 warmup_max_steps=0 slices=10
2026-09-19T09:18:27,eval,T2,AC,AC,,25,1,,,slurm/eval.sbatch,02:00:00,58187987,launch_wave.py | suffix=u200 warmup_batches=1 warmup_max_steps=0 slices=10
2026-09-19T09:18:34,eval,T2,AC,AC,,25,2,,,slurm/eval.sbatch,02:00:00,58187989,launch_wave.py | suffix=u200 warmup_batches=1 warmup_max_steps=0 slices=10
2026-09-19T09:18:38,eval,T2,AC,AC,,25,3,,,slurm/eval.sbatch,02:00:00,58187998,launch_wave.py | suffix=u200 warmup_batches=1 warmup_max_steps=0 slices=10
2026-09-19T09:18:42,eval,T2,AC,AC,,25,4,,,slurm/eval.sbatch,02:00:00,58188002,launch_wave.py | suffix=u200 warmup_batches=1 warmup_max_steps=0 slices=10
2026-09-19T09:18:46,eval,T2,AC,AC,,25,5,,,slurm/eval.sbatch,02:00:00,58188025,launch_wave.py | suffix=u200 warmup_batches=1 warmup_max_steps=0 slices=10
2026-09-19T09:18:49,eval,T2,AC,AC,,25,6,,,slurm/eval.sbatch,02:00:00,58188027,launch_wave.py | suffix=u200 warmup_batches=1 warmup_max_steps=0 slices=10
2026-09-19T09:18:53,eval,T2,AC,AC,,25,7,,,slurm/eval.sbatch,02:00:00,58188029,launch_wave.py | suffix=u200 warmup_batches=1 warmup_max_steps=0 slices=10
2026-09-19T09:18:54,eval,T2,AC,AC,,25,8,,,slurm/eval.sbatch,02:00:00,58188030,launch_wave.py | suffix=u200 warmup_batches=1 warmup_max_steps=0 slices=10
2026-09-19T09:18:57,eval,T2,AC,AC,,25,9,,,slurm/eval.sbatch,02:00:00,58188035,launch_wave.py | suffix=u200 warmup_batches=1 warmup_max_steps=0 slices=10
2026-09-19T09:18:58,eval,T2,AC,AC,,50,0,,,slurm/eval.sbatch,02:00:00,58188043,launch_wave.py | suffix=u200 warmup_batches=1 warmup_max_steps=0 slices=10
2026-09-19T09:19:01,eval,T2,AC,AC,,50,1,,,slurm/eval.sbatch,02:00:00,58188052,launch_wave.py | suffix=u200 warmup_batches=1 warmup_max_steps=0 slices=10
2026-09-19T09:19:05,eval,T2,AC,AC,,50,2,,,slurm/eval.sbatch,02:00:00,58188055,launch_wave.py | suffix=u200 warmup_batches=1 warmup_max_steps=0 slices=10
2026-09-19T09:19:06,eval,T2,AC,AC,,50,3,,,slurm/eval.sbatch,02:00:00,58188056,launch_wave.py | suffix=u200 warmup_batches=1 warmup_max_steps=0 slices=10
2026-09-19T09:19:09,eval,T2,AC,AC,,50,4,,,slurm/eval.sbatch,02:00:00,58188057,launch_wave.py | suffix=u200 warmup_batches=1 warmup_max_steps=0 slices=10
2026-09-19T09:19:13,eval,T2,AC,AC,,50,5,,,slurm/eval.sbatch,02:00:00,58188058,launch_wave.py | suffix=u200 warmup_batches=1 warmup_max_steps=0 slices=10
2026-09-19T09:19:21,eval,T2,AC,AC,,50,6,,,slurm/eval.sbatch,02:00:00,58188060,launch_wave.py | suffix=u200 warmup_batches=1 warmup_max_steps=0 slices=10
2026-09-19T09:19:25,eval,T2,AC,AC,,50,7,,,slurm/eval.sbatch,02:00:00,58188064,launch_wave.py | suffix=u200 warmup_batches=1 warmup_max_steps=0 slices=10
2026-09-19T09:19:27,eval,T2,AC,AC,,50,8,,,slurm/eval.sbatch,02:00:00,58188066,launch_wave.py | suffix=u200 warmup_batches=1 warmup_max_steps=0 slices=10
2026-09-19T09:19:31,eval,T2,AC,AC,,50,9,,,slurm/eval.sbatch,02:00:00,58188088,launch_wave.py | suffix=u200 warmup_batches=1 warmup_max_steps=0 slices=10
2026-09-19T09:19:33,eval,T2,AC,AC,,100,0,,,slurm/eval.sbatch,02:00:00,58188091,launch_wave.py | suffix=u200 warmup_batches=1 warmup_max_steps=0 slices=10
2026-09-19T09:19:37,eval,T2,AC,AC,,100,1,,,slurm/eval.sbatch,02:00:00,58188097,launch_wave.py | suffix=u200 warmup_batches=1 warmup_max_steps=0 slices=10
2026-09-19T09:19:38,eval,T2,AC,AC,,100,2,,,slurm/eval.sbatch,02:00:00,58188098,launch_wave.py | suffix=u200 warmup_batches=1 warmup_max_steps=0 slices=10
2026-09-19T09:19:41,eval,T2,AC,AC,,100,3,,,slurm/eval.sbatch,02:00:00,58188101,launch_wave.py | suffix=u200 warmup_batches=1 warmup_max_steps=0 slices=10
2026-09-19T09:19:45,eval,T2,AC,AC,,100,4,,,slurm/eval.sbatch,02:00:00,58188102,launch_wave.py | suffix=u200 warmup_batches=1 warmup_max_steps=0 slices=10
2026-09-19T09:19:46,eval,T2,AC,AC,,100,5,,,slurm/eval.sbatch,02:00:00,58188103,launch_wave.py | suffix=u200 warmup_batches=1 warmup_max_steps=0 slices=10
2026-09-19T09:19:49,eval,T2,AC,AC,,100,6,,,slurm/eval.sbatch,02:00:00,58188104,launch_wave.py | suffix=u200 warmup_batches=1 warmup_max_steps=0 slices=10
2026-09-19T09:19:50,eval,T2,AC,AC,,100,7,,,slurm/eval.sbatch,02:00:00,58188105,launch_wave.py | suffix=u200 warmup_batches=1 warmup_max_steps=0 slices=10
2026-09-19T09:19:53,eval,T2,AC,AC,,100,8,,,slurm/eval.sbatch,02:00:00,58188107,launch_wave.py | suffix=u200 warmup_batches=1 warmup_max_steps=0 slices=10
2026-09-19T09:19:54,eval,T2,AC,AC,,100,9,,,slurm/eval.sbatch,02:00:00,58188108,launch_wave.py | suffix=u200 warmup_batches=1 warmup_max_steps=0 slices=10
2026-09-19T09:19:57,eval,T2,AC,AC,,200,0,,,slurm/eval.sbatch,02:00:00,58188109,launch_wave.py | suffix=u200 warmup_batches=1 warmup_max_steps=0 slices=10
2026-09-19T09:19:58,eval,T2,AC,AC,,200,1,,,slurm/eval.sbatch,02:00:00,58188110,launch_wave.py | suffix=u200 warmup_batches=1 warmup_max_steps=0 slices=10
2026-09-19T09:20:01,eval,T2,AC,AC,,200,2,,,slurm/eval.sbatch,02:00:00,58188111,launch_wave.py | suffix=u200 warmup_batches=1 warmup_max_steps=0 slices=10
2026-09-19T09:20:02,eval,T2,AC,AC,,200,3,,,slurm/eval.sbatch,02:00:00,58188113,launch_wave.py | suffix=u200 warmup_batches=1 warmup_max_steps=0 slices=10
2026-09-19T09:20:09,eval,T2,AC,AC,,200,4,,,slurm/eval.sbatch,02:00:00,58188119,launch_wave.py | suffix=u200 warmup_batches=1 warmup_max_steps=0 slices=10
2026-09-19T09:20:13,eval,T2,AC,AC,,200,5,,,slurm/eval.sbatch,02:00:00,58188125,launch_wave.py | suffix=u200 warmup_batches=1 warmup_max_steps=0 slices=10
2026-09-19T09:20:17,eval,T2,AC,AC,,200,6,,,slurm/eval.sbatch,02:00:00,58188133,launch_wave.py | suffix=u200 warmup_batches=1 warmup_max_steps=0 slices=10
2026-09-19T09:20:18,eval,T2,AC,AC,,200,7,,,slurm/eval.sbatch,02:00:00,58188137,launch_wave.py | suffix=u200 warmup_batches=1 warmup_max_steps=0 slices=10
2026-09-19T09:20:21,eval,T2,AC,AC,,200,8,,,slurm/eval.sbatch,02:00:00,58188141,launch_wave.py | suffix=u200 warmup_batches=1 warmup_max_steps=0 slices=10
2026-09-19T09:20:25,eval,T2,AC,AC,,200,9,,,slurm/eval.sbatch,02:00:00,58188143,launch_wave.py | suffix=u200 warmup_batches=1 warmup_max_steps=0 slices=10
2026-09-19T09:20:29,eval,T2,AC,AC,,400,0,,,slurm/eval.sbatch,02:00:00,58188144,launch_wave.py | suffix=u200 warmup_batches=1 warmup_max_steps=0 slices=10
2026-09-19T09:20:34,eval,T2,AC,AC,,400,1,,,slurm/eval.sbatch,02:00:00,58188147,launch_wave.py | suffix=u200 warmup_batches=1 warmup_max_steps=0 slices=10
2026-09-19T09:20:37,eval,T2,AC,AC,,400,2,,,slurm/eval.sbatch,02:00:00,58188148,launch_wave.py | suffix=u200 warmup_batches=1 warmup_max_steps=0 slices=10
2026-09-19T09:20:38,eval,T2,AC,AC,,400,3,,,slurm/eval.sbatch,02:00:00,58188149,launch_wave.py | suffix=u200 warmup_batches=1 warmup_max_steps=0 slices=10
2026-09-19T09:20:42,eval,T2,AC,AC,,400,4,,,slurm/eval.sbatch,02:00:00,58188150,launch_wave.py | suffix=u200 warmup_batches=1 warmup_max_steps=0 slices=10
2026-09-19T09:20:47,eval,T2,AC,AC,,400,5,,,slurm/eval.sbatch,02:00:00,58188151,launch_wave.py | suffix=u200 warmup_batches=1 warmup_max_steps=0 slices=10
2026-09-19T09:20:52,eval,T2,AC,AC,,400,6,,,slurm/eval.sbatch,02:00:00,58188153,launch_wave.py | suffix=u200 warmup_batches=1 warmup_max_steps=0 slices=10
2026-09-19T09:20:57,eval,T2,AC,AC,,400,7,,,slurm/eval.sbatch,02:00:00,58188157,launch_wave.py | suffix=u200 warmup_batches=1 warmup_max_steps=0 slices=10
2026-09-19T09:21:02,eval,T2,AC,AC,,400,8,,,slurm/eval.sbatch,02:00:00,58188173,launch_wave.py | suffix=u200 warmup_batches=1 warmup_max_steps=0 slices=10
2026-09-19T09:21:06,eval,T2,AC,AC,,400,9,,,slurm/eval.sbatch,02:00:00,58188174,launch_wave.py | suffix=u200 warmup_batches=1 warmup_max_steps=0 slices=10
2026-09-19T09:21:07,eval,T2,BC,BC,,10,0,,,slurm/eval.sbatch,02:00:00,58188175,launch_wave.py | suffix=u200 warmup_batches=1 warmup_max_steps=0 slices=10
2026-09-19T09:21:18,eval,T2,BC,BC,,10,1,,,slurm/eval.sbatch,02:00:00,58188176,launch_wave.py | suffix=u200 warmup_batches=1 warmup_max_steps=0 slices=10
2026-09-19T09:21:19,eval,T2,BC,BC,,10,2,,,slurm/eval.sbatch,02:00:00,58188177,launch_wave.py | suffix=u200 warmup_batches=1 warmup_max_steps=0 slices=10
2026-09-19T09:21:23,eval,T2,BC,BC,,10,3,,,slurm/eval.sbatch,02:00:00,58188178,launch_wave.py | suffix=u200 warmup_batches=1 warmup_max_steps=0 slices=10
2026-09-19T09:21:26,eval,T2,BC,BC,,10,4,,,slurm/eval.sbatch,02:00:00,58188179,launch_wave.py | suffix=u200 warmup_batches=1 warmup_max_steps=0 slices=10
2026-09-19T09:21:27,eval,T2,BC,BC,,10,5,,,slurm/eval.sbatch,02:00:00,58188180,launch_wave.py | suffix=u200 warmup_batches=1 warmup_max_steps=0 slices=10
2026-09-19T09:21:29,eval,T2,BC,BC,,10,6,,,slurm/eval.sbatch,02:00:00,58188186,launch_wave.py | suffix=u200 warmup_batches=1 warmup_max_steps=0 slices=10
2026-09-19T09:21:30,eval,T2,BC,BC,,10,7,,,slurm/eval.sbatch,02:00:00,58188192,launch_wave.py | suffix=u200 warmup_batches=1 warmup_max_steps=0 slices=10
2026-09-19T09:21:39,eval,T2,BC,BC,,10,8,,,slurm/eval.sbatch,02:00:00,58188202,launch_wave.py | suffix=u200 warmup_batches=1 warmup_max_steps=0 slices=10
2026-09-19T09:21:46,eval,T2,BC,BC,,10,9,,,slurm/eval.sbatch,02:00:00,58188206,launch_wave.py | suffix=u200 warmup_batches=1 warmup_max_steps=0 slices=10
2026-09-19T09:21:51,eval,T2,BC,BC,,25,0,,,slurm/eval.sbatch,02:00:00,58188214,launch_wave.py | suffix=u200 warmup_batches=1 warmup_max_steps=0 slices=10
2026-09-19T09:21:55,eval,T2,BC,BC,,25,1,,,slurm/eval.sbatch,02:00:00,58188240,launch_wave.py | suffix=u200 warmup_batches=1 warmup_max_steps=0 slices=10
2026-09-19T09:21:58,eval,T2,BC,BC,,25,2,,,slurm/eval.sbatch,02:00:00,58188249,launch_wave.py | suffix=u200 warmup_batches=1 warmup_max_steps=0 slices=10
2026-09-19T09:22:01,eval,T2,BC,BC,,25,3,,,slurm/eval.sbatch,02:00:00,58188250,launch_wave.py | suffix=u200 warmup_batches=1 warmup_max_steps=0 slices=10
2026-09-19T09:22:05,eval,T2,BC,BC,,25,4,,,slurm/eval.sbatch,02:00:00,58188251,launch_wave.py | suffix=u200 warmup_batches=1 warmup_max_steps=0 slices=10
2026-09-19T09:22:09,eval,T2,BC,BC,,25,5,,,slurm/eval.sbatch,02:00:00,58188252,launch_wave.py | suffix=u200 warmup_batches=1 warmup_max_steps=0 slices=10
2026-09-19T09:22:10,eval,T2,BC,BC,,25,6,,,slurm/eval.sbatch,02:00:00,58188253,launch_wave.py | suffix=u200 warmup_batches=1 warmup_max_steps=0 slices=10
2026-09-19T09:22:13,eval,T2,BC,BC,,25,7,,,slurm/eval.sbatch,02:00:00,58188254,launch_wave.py | suffix=u200 warmup_batches=1 warmup_max_steps=0 slices=10
2026-09-19T09:22:17,eval,T2,BC,BC,,25,8,,,slurm/eval.sbatch,02:00:00,58188256,launch_wave.py | suffix=u200 warmup_batches=1 warmup_max_steps=0 slices=10
2026-09-19T09:22:21,eval,T2,BC,BC,,25,9,,,slurm/eval.sbatch,02:00:00,58188257,launch_wave.py | suffix=u200 warmup_batches=1 warmup_max_steps=0 slices=10
2026-09-19T09:22:32,eval,T2,BC,BC,,50,0,,,slurm/eval.sbatch,02:00:00,58188259,launch_wave.py | suffix=u200 warmup_batches=1 warmup_max_steps=0 slices=10
2026-09-19T09:22:39,eval,T2,BC,BC,,50,1,,,slurm/eval.sbatch,02:00:00,58188260,launch_wave.py | suffix=u200 warmup_batches=1 warmup_max_steps=0 slices=10
2026-09-19T09:22:41,eval,T2,BC,BC,,50,2,,,slurm/eval.sbatch,02:00:00,58188261,launch_wave.py | suffix=u200 warmup_batches=1 warmup_max_steps=0 slices=10
2026-09-19T09:22:45,eval,T2,BC,BC,,50,3,,,slurm/eval.sbatch,02:00:00,58188276,launch_wave.py | suffix=u200 warmup_batches=1 warmup_max_steps=0 slices=10
2026-09-19T09:22:49,eval,T2,BC,BC,,50,4,,,slurm/eval.sbatch,02:00:00,58188277,launch_wave.py | suffix=u200 warmup_batches=1 warmup_max_steps=0 slices=10
2026-09-19T09:22:50,eval,T2,BC,BC,,50,5,,,slurm/eval.sbatch,02:00:00,58188278,launch_wave.py | suffix=u200 warmup_batches=1 warmup_max_steps=0 slices=10
2026-09-19T09:22:53,eval,T2,BC,BC,,50,6,,,slurm/eval.sbatch,02:00:00,58188279,launch_wave.py | suffix=u200 warmup_batches=1 warmup_max_steps=0 slices=10
2026-09-19T09:22:54,eval,T2,BC,BC,,50,7,,,slurm/eval.sbatch,02:00:00,58188280,launch_wave.py | suffix=u200 warmup_batches=1 warmup_max_steps=0 slices=10
2026-09-19T09:23:01,eval,T2,BC,BC,,50,8,,,slurm/eval.sbatch,02:00:00,58188282,launch_wave.py | suffix=u200 warmup_batches=1 warmup_max_steps=0 slices=10
2026-09-19T09:23:06,eval,T2,BC,BC,,50,9,,,slurm/eval.sbatch,02:00:00,58188285,launch_wave.py | suffix=u200 warmup_batches=1 warmup_max_steps=0 slices=10
2026-09-19T09:23:09,eval,T2,BC,BC,,100,0,,,slurm/eval.sbatch,02:00:00,58188287,launch_wave.py | suffix=u200 warmup_batches=1 warmup_max_steps=0 slices=10
2026-09-19T09:23:13,eval,T2,BC,BC,,100,1,,,slurm/eval.sbatch,02:00:00,58188289,launch_wave.py | suffix=u200 warmup_batches=1 warmup_max_steps=0 slices=10
2026-09-19T09:23:17,eval,T2,BC,BC,,100,2,,,slurm/eval.sbatch,02:00:00,58188290,launch_wave.py | suffix=u200 warmup_batches=1 warmup_max_steps=0 slices=10
2026-09-19T09:23:22,eval,T2,BC,BC,,100,3,,,slurm/eval.sbatch,02:00:00,58188291,launch_wave.py | suffix=u200 warmup_batches=1 warmup_max_steps=0 slices=10
2026-09-19T09:23:27,eval,T2,BC,BC,,100,4,,,slurm/eval.sbatch,02:00:00,58188293,launch_wave.py | suffix=u200 warmup_batches=1 warmup_max_steps=0 slices=10
2026-09-19T09:23:30,eval,T2,BC,BC,,100,5,,,slurm/eval.sbatch,02:00:00,58188309,launch_wave.py | suffix=u200 warmup_batches=1 warmup_max_steps=0 slices=10
2026-09-19T09:23:31,eval,T2,BC,BC,,100,6,,,slurm/eval.sbatch,02:00:00,58188323,launch_wave.py | suffix=u200 warmup_batches=1 warmup_max_steps=0 slices=10
2026-09-19T09:23:34,eval,T2,BC,BC,,100,7,,,slurm/eval.sbatch,02:00:00,58188332,launch_wave.py | suffix=u200 warmup_batches=1 warmup_max_steps=0 slices=10
2026-09-19T09:23:35,eval,T2,BC,BC,,100,8,,,slurm/eval.sbatch,02:00:00,58188341,launch_wave.py | suffix=u200 warmup_batches=1 warmup_max_steps=0 slices=10
2026-09-19T09:23:37,eval,T2,BC,BC,,100,9,,,slurm/eval.sbatch,02:00:00,58188344,launch_wave.py | suffix=u200 warmup_batches=1 warmup_max_steps=0 slices=10
2026-09-19T09:23:38,eval,T2,BC,BC,,200,0,,,slurm/eval.sbatch,02:00:00,58188346,launch_wave.py | suffix=u200 warmup_batches=1 warmup_max_steps=0 slices=10
2026-09-19T09:23:41,eval,T2,BC,BC,,200,1,,,slurm/eval.sbatch,02:00:00,58188347,launch_wave.py | suffix=u200 warmup_batches=1 warmup_max_steps=0 slices=10
2026-09-19T09:23:42,eval,T2,BC,BC,,200,2,,,slurm/eval.sbatch,02:00:00,58188348,launch_wave.py | suffix=u200 warmup_batches=1 warmup_max_steps=0 slices=10
2026-09-19T09:23:45,eval,T2,BC,BC,,200,3,,,slurm/eval.sbatch,02:00:00,58188349,launch_wave.py | suffix=u200 warmup_batches=1 warmup_max_steps=0 slices=10
2026-09-19T09:23:49,eval,T2,BC,BC,,200,4,,,slurm/eval.sbatch,02:00:00,58188350,launch_wave.py | suffix=u200 warmup_batches=1 warmup_max_steps=0 slices=10
2026-09-19T09:23:50,eval,T2,BC,BC,,200,5,,,slurm/eval.sbatch,02:00:00,58188351,launch_wave.py | suffix=u200 warmup_batches=1 warmup_max_steps=0 slices=10
2026-09-19T09:23:53,eval,T2,BC,BC,,200,6,,,slurm/eval.sbatch,02:00:00,58188352,launch_wave.py | suffix=u200 warmup_batches=1 warmup_max_steps=0 slices=10
2026-09-19T09:23:57,eval,T2,BC,BC,,200,7,,,slurm/eval.sbatch,02:00:00,58188353,launch_wave.py | suffix=u200 warmup_batches=1 warmup_max_steps=0 slices=10
2026-09-19T09:24:02,eval,T2,BC,BC,,200,8,,,slurm/eval.sbatch,02:00:00,58188355,launch_wave.py | suffix=u200 warmup_batches=1 warmup_max_steps=0 slices=10
2026-09-19T09:24:08,eval,T2,BC,BC,,200,9,,,slurm/eval.sbatch,02:00:00,58188357,launch_wave.py | suffix=u200 warmup_batches=1 warmup_max_steps=0 slices=10
2026-09-19T09:24:12,eval,T2,BC,BC,,400,0,,,slurm/eval.sbatch,02:00:00,58188358,launch_wave.py | suffix=u200 warmup_batches=1 warmup_max_steps=0 slices=10
2026-09-19T09:24:14,eval,T2,BC,BC,,400,1,,,slurm/eval.sbatch,02:00:00,58188359,launch_wave.py | suffix=u200 warmup_batches=1 warmup_max_steps=0 slices=10
2026-09-19T09:24:19,eval,T2,BC,BC,,400,2,,,slurm/eval.sbatch,02:00:00,58188362,launch_wave.py | suffix=u200 warmup_batches=1 warmup_max_steps=0 slices=10
2026-09-19T09:24:24,eval,T2,BC,BC,,400,3,,,slurm/eval.sbatch,02:00:00,58188384,launch_wave.py | suffix=u200 warmup_batches=1 warmup_max_steps=0 slices=10
2026-09-19T09:24:30,eval,T2,BC,BC,,400,4,,,slurm/eval.sbatch,02:00:00,58188389,launch_wave.py | suffix=u200 warmup_batches=1 warmup_max_steps=0 slices=10
2026-09-19T09:24:34,eval,T2,BC,BC,,400,5,,,slurm/eval.sbatch,02:00:00,58188396,launch_wave.py | suffix=u200 warmup_batches=1 warmup_max_steps=0 slices=10
2026-09-19T09:24:38,eval,T2,BC,BC,,400,6,,,slurm/eval.sbatch,02:00:00,58188400,launch_wave.py | suffix=u200 warmup_batches=1 warmup_max_steps=0 slices=10
2026-09-19T09:24:39,eval,T2,BC,BC,,400,7,,,slurm/eval.sbatch,02:00:00,58188408,launch_wave.py | suffix=u200 warmup_batches=1 warmup_max_steps=0 slices=10
2026-09-19T09:24:41,eval,T2,BC,BC,,400,8,,,slurm/eval.sbatch,02:00:00,58188415,launch_wave.py | suffix=u200 warmup_batches=1 warmup_max_steps=0 slices=10
2026-09-19T09:24:45,eval,T2,BC,BC,,400,9,,,slurm/eval.sbatch,02:00:00,58188435,launch_wave.py | suffix=u200 warmup_batches=1 warmup_max_steps=0 slices=10
2026-09-19T09:26:22,eval,T1,L1,L1,,100,0,,,slurm/eval.sbatch,01:00:00,58188477,launch_wave.py | suffix=u200 warmup_batches=1 warmup_max_steps=0 slices=1
2026-09-19T09:26:25,eval,T1,L3b,L3b,,100,0,,,slurm/eval.sbatch,01:00:00,58188479,launch_wave.py | suffix=u200 warmup_batches=1 warmup_max_steps=0 slices=1
