level,demo,length,path,jerk,cab_x,cab_y,obj_x,obj_y,obj_yaw
L1,demo_0,663,3.339297,0.024220526,0.9000001,0.0,0.24677801,0.5352795,-0.24031850066640342
L1,demo_1,700,3.3894358,0.023629501,0.9000001,0.0,0.21700001,0.39597106,-0.24165768329871187
L1,demo_10,663,3.081593,0.023918398,0.9000001,0.0,0.18732262,0.46543288,0.48458775988838765
L1,demo_100,663,3.1170585,0.023686677,0.9,0.0,0.21229029,0.41498566,0.3162214697896743
L1,demo_101,663,3.0062785,0.023450393,0.9,0.0,0.1987884,0.40635276,0.5714045270678132
L1,demo_102,724,3.7964318,0.024374256,0.9000001,0.0,0.22174168,0.41158593,-0.5453243985330186
L1,demo_103,663,3.0496106,0.023665365,0.9000001,0.0,0.24634743,0.367247,0.18078209293582934
L1,demo_104,663,3.4265604,0.023995796,0.9000001,0.0,0.2409786,0.5159488,-0.4957573921158089
L1,demo_105,663,3.1301877,0.024025729,0.9,0.0,0.17933369,0.49759197,0.5468292966496705
L1,demo_106,663,2.9848657,0.024217311,0.9000001,0.0,0.2162242,0.43051648,0.6555138492304676
L1,demo_107,724,3.5193288,0.024219744,0.9000001,0.0,0.24369907,0.44859552,-0.2998948205014018
L1,demo_108,700,3.3137188,0.023770675,0.9000001,0.0,0.24077559,0.40234125,0.4233730025398916
L1,demo_109,724,3.6347187,0.02400681,0.9000001,0.0,0.20002711,0.5113728,-0.45283114656049633
L1,demo_11,663,3.1500885,0.023556668,0.9000001,0.0,0.20052516,0.5150242,0.39057431869589204
L1,demo_110,700,3.5650597,0.024321415,0.9000001,0.0,0.19066954,0.3911922,-0.26694678475491374
L1,demo_111,663,3.3739376,0.024455165,0.9,0.0,0.18699718,0.5189419,-0.12683126686205415
L1,demo_112,663,3.1074781,0.023599422,0.9,0.0,0.23811352,0.48754895,0.6080050652651324
L1,demo_113,663,3.1751187,0.023619486,0.9000001,0.0,0.18730164,0.36133492,-0.06877721063420524
L1,demo_114,663,3.3051047,0.02470659,0.9000001,0.0,0.20479202,0.41262746,-0.42400073974140184
L1,demo_115,663,3.1688433,0.024232334,0.9000001,0.0,0.1956371,0.5207076,0.294244766318855
L1,demo_116,663,3.1073513,0.023667196,0.9,0.0,0.18516946,0.4305694,0.15485771678886762
L1,demo_117,724,3.513413,0.0230412,0.9000001,0.0,0.23062754,0.39411616,0.23497249264562492
L1,demo_118,724,3.690053,0.02394055,0.9000001,0.0,0.17199028,0.5316131,-0.4575504026633327
L1,demo_119,724,3.7355943,0.024455642,0.9,0.0,0.18960726,0.5152273,-0.45463977585235527
L1,demo_12,700,3.2630594,0.023715869,0.9000001,0.0,0.22292614,0.47407186,0.4199746619734818
L1,demo_120,724,3.3965635,0.024011185,0.9000001,0.0,0.18683672,0.44882727,0.34933811777706164
L1,demo_121,700,3.2938504,0.023266653,0.9000001,0.0,0.24980593,0.44375956,0.32548548308415054
L1,demo_122,724,3.4504094,0.024119759,0.9000001,0.0,0.22819853,0.5209313,0.014188936169544128
L1,demo_123,724,3.4622908,0.02345427,0.9000001,0.0,0.1630212,0.4372729,0.16047632523506317
L1,demo_124,724,3.4927998,0.023774097,0.9,0.0,0.17498088,0.49356627,0.0850394884157403
L1,demo_125,663,3.6314845,0.02416242,0.9000001,0.0,0.2519493,0.53727436,-0.7290679011573403
L1,demo_126,663,2.8957515,0.023394078,0.9000001,0.0,0.25681877,0.36317396,0.5120904169093637
L1,demo_127,724,3.5782495,0.02358905,0.9000001,0.0,0.21742201,0.3629669,0.13415744143698496
L1,demo_128,700,3.3340054,0.023511816,0.9000001,0.0,0.18505502,0.4736333,0.4454556731424133
L1,demo_129,663,3.0020819,0.023416817,0.9000001,0.0,0.25254822,0.3748994,0.2516127001680927
L1,demo_13,663,3.4722404,0.024276715,0.9000001,0.0,0.2031765,0.49708676,-0.5249616429088778
L1,demo_130,663,3.0504692,0.023667492,0.9000001,0.0,0.23469186,0.4127798,0.4928876280246782
L1,demo_131,663,3.118012,0.023833256,0.9,0.0,0.21064484,0.43012357,0.22968078776420062
L1,demo_132,700,3.375227,0.02373834,0.9000001,0.0,0.25533915,0.40938234,-0.17220270884259956
L1,demo_133,663,3.1673443,0.024145732,0.9000001,0.0,0.16002226,0.36540902,0.07596378676965042
L1,demo_134,700,3.1660047,0.023059467,0.9000001,0.0,0.24256921,0.5340559,0.5207881142490107
L1,demo_135,724,3.6015239,0.023968285,0.9,0.0,0.20990658,0.5259795,-0.4145382148691373
L1,demo_136,663,3.266548,0.02329029,0.9000001,0.0,0.25858116,0.53697085,-0.09413035202848764
L1,demo_137,700,3.4889636,0.023484403,0.9000001,0.0,0.18938684,0.44448245,0.07556308498414153
L1,demo_138,700,3.5984275,0.02392451,0.9000001,0.0,0.24801505,0.4671986,-0.46537382959374224
L1,demo_139,700,3.5967598,0.024242163,0.9000001,0.0,0.24342489,0.43709707,-0.43931668345775127
L1,demo_14,724,3.4715867,0.023981828,0.9000001,0.0,0.21231985,0.4262774,0.2403151865397617
L1,demo_140,700,3.4069886,0.02419648,0.9,0.0,0.23688126,0.39146388,-0.2259739109036508
L1,demo_141,700,3.5061808,0.023821771,0.9000001,0.0,0.16804707,0.36480367,-0.3136247911194753
L1,demo_142,663,3.1630335,0.023556635,0.9,0.0,0.19717789,0.50789547,0.49439173354741117
L1,demo_143,663,3.250786,0.02406402,0.9,0.0,0.1879642,0.38599777,-0.29352238130195357
L1,demo_144,663,3.4259744,0.024699776,0.9000001,0.0,0.2069726,0.43689775,-0.6978004137600035
L1,demo_145,663,3.128807,0.024078159,0.9,0.0,0.19951987,0.36494946,-0.1718807247627739
L1,demo_146,663,3.0053544,0.02381909,0.9000001,0.0,0.20200443,0.40294325,0.6944626440493534
L1,demo_147,700,3.3186085,0.023634044,0.9000001,0.0,0.2419157,0.43712413,0.4119170038046411
L1,demo_148,663,3.1588535,0.023812968,0.9,0.0,0.17868853,0.36783206,0.14962613969873254
L1,demo_149,700,3.3561778,0.023465892,0.9000001,0.0,0.16031933,0.38581574,0.6739580540895693
L1,demo_15,724,3.500352,0.023985334,0.9000001,0.0,0.19424438,0.51081634,-0.15746197318358068
L1,demo_150,663,3.3025656,0.024259573,0.9000001,0.0,0.22399306,0.4077201,-0.495994947057184
L1,demo_151,700,3.510329,0.024313,0.9000001,0.0,0.23219681,0.52483606,-0.23343634007877107
L1,demo_152,724,3.4902825,0.023752362,0.9,0.0,0.24835753,0.47323644,-0.14670732655771665
L1,demo_153,724,3.650135,0.024080245,0.9000001,0.0,0.18439019,0.41426265,-0.03301835205633882
L1,demo_154,663,3.4054518,0.024645584,0.9000001,0.0,0.25281954,0.44466949,-0.5744019467874033
L1,demo_155,663,3.2643294,0.024774887,0.9000001,0.0,0.17188549,0.41720235,-0.13250489805760507
L1,demo_156,700,3.513022,0.023613958,0.9000001,0.0,0.17879581,0.386567,0.42538602348824095
L1,demo_157,700,3.3481188,0.023476921,0.9000001,0.0,0.20657396,0.41965294,0.40676404121885423
L1,demo_158,700,3.5871947,0.024365408,0.9000001,0.0,0.19578123,0.5102547,-0.2302758265147612
L1,demo_159,663,3.2124667,0.023694094,0.9000001,0.0,0.16532707,0.4602393,0.08981935619458004
L1,demo_16,700,3.609909,0.024034135,0.9,0.0,0.21245098,0.3762678,-0.1817491525657901
L1,demo_160,700,3.209549,0.022611048,0.9000001,0.0,0.19278717,0.5385177,0.40880987949449643
L1,demo_161,700,3.4438288,0.02390796,0.9000001,0.0,0.23678088,0.38587165,-0.4610075949714948
L1,demo_162,663,3.0594149,0.023696797,0.9000001,0.0,0.23046112,0.4916674,0.480912776554057
L1,demo_163,724,3.4635248,0.023658495,0.9000001,0.0,0.1879952,0.5240667,-0.13988563454757785
L1,demo_164,724,3.3940015,0.023909314,0.9,0.0,0.23455131,0.48887682,0.21993982310562496
L1,demo_165,700,3.6089706,0.023895336,0.9000001,0.0,0.245556,0.5179291,-0.4862047124569006
L1,demo_166,663,3.1150544,0.023513298,0.9000001,0.0,0.23712754,0.53434616,0.502505602585565
L1,demo_167,700,3.7090092,0.024881009,0.9000001,0.0,0.25478125,0.44272006,-0.48860140782674916
L1,demo_168,700,3.2844565,0.023495784,0.9,0.0,0.21276784,0.5247159,0.30459641418655337
L1,demo_169,663,3.0239835,0.023591628,0.9,0.0,0.19831157,0.36794448,0.6211567700388125
L1,demo_17,724,3.5880516,0.024573456,0.9000001,0.0,0.19037437,0.43646944,-0.25329854683302927
L1,demo_170,663,3.0405562,0.02391126,0.9000001,0.0,0.18434095,0.44714594,0.5648582450294873
L1,demo_171,724,3.616418,0.023772737,0.9000001,0.0,0.25728893,0.448529,-0.4912982032527634
L1,demo_172,700,3.379643,0.023455603,0.9,0.0,0.21870005,0.5374553,0.35096484859366067
L1,demo_173,700,3.5752258,0.024364034,0.9000001,0.0,0.2356,0.37189198,-0.3240786054909916
L1,demo_174,724,3.6090074,0.023595296,0.9000001,0.0,0.24850655,0.42707384,-0.5781137583034034
L1,demo_175,700,3.2869468,0.02376419,0.9000001,0.0,0.17791224,0.4954368,0.5129343998890298
L1,demo_176,724,3.5494852,0.024190327,0.9,0.0,0.22089279,0.3722793,0.3091102396977286
L1,demo_177,663,3.062149,0.024005217,0.9000001,0.0,0.17936468,0.480551,0.5617670794278111
L1,demo_178,724,3.422637,0.02362619,0.9000001,0.0,0.17473316,0.45000196,0.18220987437351605
L1,demo_179,724,3.5813246,0.023224011,0.9000001,0.0,0.25138283,0.37751544,0.11217137672481177
L1,demo_18,724,3.5749228,0.024482394,0.9000001,0.0,0.19453788,0.46348298,-0.2925692286453547
L1,demo_180,724,3.508898,0.023290787,0.9,0.0,0.18537927,0.482754,-0.18616302531001058
L1,demo_181,700,3.39584,0.024088524,0.9000001,0.0,0.25751495,0.43820643,0.18315985134406576
L1,demo_182,700,3.3002837,0.023426076,0.9,0.0,0.16536355,0.43933904,0.4753927758070496
L1,demo_183,700,3.530806,0.024014618,0.9000001,0.0,0.1989243,0.49926496,0.2668617579389858
L1,demo_184,700,3.4086382,0.02375474,0.9000001,0.0,0.16920376,0.4219544,0.38678636139229233
L1,demo_185,724,3.4646573,0.023397349,0.9,0.0,0.21477902,0.43437815,0.23562868713788748
L1,demo_186,724,3.5129576,0.024233215,0.9000001,0.0,0.1834526,0.45457125,-0.17936552623735524
L1,demo_187,700,3.3471556,0.023668852,0.9000001,0.0,0.1773572,0.46084607,0.35035280974880045
L1,demo_188,724,3.6070883,0.024040148,0.9000001,0.0,0.20006943,0.43880665,-0.032648674788641044
L1,demo_189,700,3.3387208,0.024101827,0.9000001,0.0,0.21009827,0.44429398,0.15795960394784045
L1,demo_19,700,3.3395367,0.023275001,0.9,0.0,0.1773367,0.5151301,0.33013710693606513
L1,demo_190,700,3.295124,0.02367058,0.9,0.0,0.20399559,0.47370887,0.40172803778982424
L1,demo_191,724,3.506301,0.023590896,0.9000001,0.0,0.20522356,0.42846334,-0.22963195647365042
L1,demo_192,663,3.0454664,0.023856647,0.9000001,0.0,0.19745398,0.3792776,0.4969085600299901
L1,demo_193,700,3.822073,0.024419418,0.9,0.0,0.17153311,0.51047325,-0.5560537487958875
L1,demo_194,724,3.3692293,0.023528902,0.9000001,0.0,0.22241879,0.50316024,0.24823128033200623
L1,demo_195,700,3.297164,0.023576193,0.9000001,0.0,0.22302961,0.40261447,0.45202881691185615
L1,demo_196,663,3.2283554,0.024175052,0.9000001,0.0,0.22122395,0.47037518,-0.009236091745596838
L1,demo_197,700,3.8189447,0.024878602,0.9000001,0.0,0.16610003,0.48648334,-0.5433092366687085
L1,demo_198,663,3.4227147,0.024220549,0.9000001,0.0,0.22458696,0.4665388,-0.5324555727844624
L1,demo_199,663,3.2625508,0.02371552,0.9000001,0.0,0.20357656,0.50275505,0.07745151267369091
L1,demo_2,700,3.591916,0.023324851,0.9,0.0,0.16208184,0.36321568,0.32123081598023573
L1,demo_20,663,3.2382343,0.023489887,0.9000001,0.0,0.17200446,0.4144776,0.06755512209488501
L1,demo_200,663,3.2271643,0.024526082,0.9000001,0.0,0.179209,0.5368099,0.7031764014176984
L1,demo_201,700,3.2181406,0.023560243,0.9000001,0.0,0.23643827,0.52690506,0.44553933003987023
L1,demo_202,700,3.3137498,0.023965947,0.9000001,0.0,0.17465639,0.4255563,0.5258798552693794
L1,demo_203,724,3.6115775,0.024216423,0.9000001,0.0,0.21257854,0.3711424,0.006392359961379782
L1,demo_204,700,3.295289,0.023555415,0.9000001,0.0,0.19184065,0.43040562,0.5992936672565571
L1,demo_205,663,3.188201,0.023851812,0.9000001,0.0,0.21970105,0.46652937,-0.10347520194064358
L1,demo_206,700,3.8017926,0.024837373,0.9000001,0.0,0.22243977,0.5161824,-0.6963800004320253
L1,demo_207,700,3.5014997,0.023287816,0.9000001,0.0,0.16293132,0.5262298,0.3215694224640183
L1,demo_208,700,3.437127,0.023570066,0.9000001,0.0,0.21770573,0.45073557,-0.0007542502268108349
L1,demo_209,663,3.09128,0.024464753,0.9000001,0.0,0.1947999,0.44402695,0.6209472365955337
L1,demo_21,700,3.3193994,0.023870546,0.9000001,0.0,0.21659088,0.4263053,0.2663917681921884
L1,demo_210,724,3.5066872,0.023843184,0.9000001,0.0,0.22947705,0.42515016,0.0904965405832796
L1,demo_211,663,3.2854114,0.024403501,0.9000001,0.0,0.2031269,0.4867983,-0.29650523679159807
L1,demo_212,663,3.321397,0.023793453,0.9,0.0,0.17639875,0.46301508,-0.2702066040482066
L1,demo_213,724,3.4043574,0.024108892,0.9,0.0,0.19691086,0.48106587,0.3826765994215237
L1,demo_214,700,3.6748812,0.024244003,0.9000001,0.0,0.16080904,0.5038307,-0.364858163526689
L1,demo_215,724,3.625429,0.024563482,0.9000001,0.0,0.22739029,0.3692541,0.182503877072653
L1,demo_216,700,3.5070868,0.024004404,0.9,0.0,0.19335401,0.38723123,-0.27665566129403035
L1,demo_217,724,3.6270351,0.023207232,0.9000001,0.0,0.2046485,0.36957836,0.08056266470673319
L1,demo_218,724,3.3957806,0.023104558,0.9000001,0.0,0.21486473,0.5116283,0.22566654855930576
L1,demo_219,663,3.178966,0.024133153,0.9000001,0.0,0.23528934,0.49956346,0.13303520388699042
L1,demo_22,700,3.8614974,0.024425074,0.9000001,0.0,0.19726324,0.49488544,-0.6020801694804957
L1,demo_220,724,3.4474201,0.024017928,0.9,0.0,0.25031364,0.4161377,0.1199047192362005
L1,demo_221,663,3.116516,0.024558807,0.9000001,0.0,0.21040487,0.40048432,0.24430210290620735
L1,demo_222,663,3.1045475,0.023109209,0.9000001,0.0,0.22225094,0.49240756,0.3919678382044829
L1,demo_223,663,3.6343784,0.025009789,0.9000001,0.0,0.24775457,0.5086198,-0.7521375781665693
L1,demo_224,663,3.4985218,0.024267564,0.9000001,0.0,0.17495728,0.48603106,-0.6724211794942326
L1,demo_225,724,3.5160522,0.024311874,0.9000001,0.0,0.16987896,0.52870154,-0.07900541214516436
L1,demo_226,700,3.5687904,0.024106886,0.9000001,0.0,0.21988845,0.40614748,-0.2609810837478211
L1,demo_227,663,3.5265076,0.0241199,0.9000001,0.0,0.23316956,0.4834156,-0.7427956980658442
L1,demo_228,724,3.4922714,0.023964744,0.9000001,0.0,0.1677388,0.4906807,-0.11053903673734966
L1,demo_229,700,3.3548584,0.023521269,0.9,0.0,0.23658216,0.45824003,0.3814578723615874
L1,demo_23,663,3.0736318,0.023051377,0.9,0.0,0.24343622,0.37604916,0.05414330218767736
L1,demo_230,700,3.736671,0.024517346,0.9,0.0,0.22816098,0.529454,-0.6041010935379821
L1,demo_231,663,3.0904934,0.023652501,0.9000001,0.0,0.23974419,0.5149498,0.5604637722583983
L1,demo_232,724,3.3828192,0.023565935,0.9000001,0.0,0.20822906,0.4955424,0.3284938691382333
L1,demo_233,724,3.4990716,0.02402832,0.9000001,0.0,0.16570115,0.5233221,-0.056095476970407766
L1,demo_234,663,3.2260642,0.024557477,0.9000001,0.0,0.19323826,0.5177101,0.3242310867376231
L1,demo_235,663,3.0566888,0.024083862,0.9,0.0,0.21102715,0.38319528,0.3947515456542901
L1,demo_236,724,3.702877,0.024004707,0.9000001,0.0,0.19756556,0.52167845,-0.4419988109221545
L1,demo_237,663,3.5645204,0.024816902,0.9000001,0.0,0.19176209,0.508998,-0.5409583436200789
L1,demo_238,663,3.251418,0.023721945,0.9,0.0,0.20731103,0.5357725,0.018827395788757924
L1,demo_239,724,3.6909797,0.024427144,0.9,0.0,0.17910004,0.48042488,-0.46130118180426105
L1,demo_24,700,3.3400168,0.023379158,0.9000001,0.0,0.21895766,0.41168606,0.3760460707268241
L1,demo_240,724,3.6530795,0.024273906,0.9000001,0.0,0.21800971,0.51052755,-0.4471035162962757
L1,demo_241,724,3.5881124,0.023436323,0.9000001,0.0,0.25743675,0.36331046,0.13249046659255986
L1,demo_242,700,3.3671641,0.02353546,0.9000001,0.0,0.2484417,0.40961528,0.16660234135759244
L1,demo_243,663,3.364245,0.024697531,0.9,0.0,0.236521,0.42606258,-0.6223135476023121
L1,demo_244,724,3.7945971,0.024022989,0.9000001,0.0,0.24801219,0.51334524,-0.7604702943937165
L1,demo_245,663,3.2652884,0.024240965,0.9,0.0,0.16698968,0.42244196,-0.3802436321573801
L1,demo_246,700,3.2754169,0.023508739,0.9000001,0.0,0.20055914,0.49754834,0.30716106761748785
L1,demo_247,724,3.5263336,0.024124406,0.9000001,0.0,0.24736929,0.42683697,-0.22134280484547103
L1,demo_248,663,3.544722,0.02438195,0.9000001,0.0,0.20499516,0.53558046,-0.6875825095337094
L1,demo_249,724,3.4611406,0.023379646,0.9000001,0.0,0.24183941,0.48438346,-0.14779943535741233
L1,demo_25,700,3.2471647,0.023627399,0.9000001,0.0,0.25258112,0.53436327,0.40797269605895947
L1,demo_250,663,3.1698048,0.02341245,0.9000001,0.0,0.22119522,0.5391555,0.32462364648393544
L1,demo_251,663,3.0974836,0.02367539,0.9000001,0.0,0.18088937,0.45255232,0.556447847985465
L1,demo_252,700,3.4108884,0.024097592,0.9000001,0.0,0.24501562,0.4261322,0.16130025636514797
L1,demo_253,724,3.571738,0.02389018,0.9000001,0.0,0.253582,0.4046911,-0.5437715135049663
L1,demo_254,700,3.4065182,0.023506904,0.9000001,0.0,0.20124793,0.47888267,0.20900419607143855
L1,demo_255,663,3.1551487,0.023902498,0.9000001,0.0,0.22763062,0.4273647,0.08290281444499907
L1,demo_256,663,3.1974683,0.024298185,0.9,0.0,0.2269597,0.38628852,-0.20638976105372162
L1,demo_257,700,3.519627,0.024490785,0.9000001,0.0,0.17968619,0.41858864,0.016825137986793203
L1,demo_258,700,3.3843832,0.02334562,0.9000001,0.0,0.2588787,0.38689232,-0.17113617188584956
L1,demo_259,724,3.4498065,0.024160493,0.9,0.0,0.24296093,0.43753147,0.29423548687582335
L1,demo_26,700,3.7476177,0.02463052,0.9,0.0,0.24119544,0.5204715,-0.5841620878387564
L1,demo_260,700,3.7549784,0.025053842,0.9000001,0.0,0.2576599,0.39643168,-0.28029172924246243
L1,demo_261,700,3.6594477,0.02449262,0.9000001,0.0,0.19538736,0.5083104,-0.522392133028381
L1,demo_262,663,3.096401,0.023378992,0.9,0.0,0.20324183,0.42832625,0.2539182289133609
L1,demo_263,724,3.6351185,0.02392175,0.9000001,0.0,0.20869684,0.5277622,-0.45996343054420574
L1,demo_264,724,3.5737486,0.023579929,0.9,0.0,0.2561698,0.4349444,-0.06404945597563119
L1,demo_265,724,3.8598723,0.024279112,0.9000001,0.0,0.19952393,0.4893558,-0.7268743967772918
L1,demo_266,724,3.6791444,0.024252951,0.9000001,0.0,0.16546798,0.474684,-0.4180718813428486
L1,demo_267,700,3.713188,0.024629256,0.9,0.0,0.22566903,0.50564283,-0.4471953353802445
L1,demo_268,700,3.4790158,0.024127409,0.9,0.0,0.21977413,0.40710294,-0.488246544140993
L1,demo_269,700,3.4024324,0.02376803,0.9000001,0.0,0.17475307,0.5198841,0.13717564514545277
L1,demo_27,663,3.554321,0.02509462,0.9000001,0.0,0.16773748,0.49048722,-0.7068666222339828
L1,demo_270,724,3.4703104,0.023692816,0.9000001,0.0,0.19086981,0.4674325,-0.1227754287723116
L1,demo_271,663,3.0829406,0.024138356,0.9,0.0,0.23184395,0.38303137,0.10969609098301533
L1,demo_272,724,3.4968185,0.024141766,0.9000001,0.0,0.18774557,0.4501698,-0.2460034709182526
L1,demo_273,700,3.6409616,0.024004271,0.9,0.0,0.23608851,0.4656005,-0.4897923037823357
L1,demo_274,700,3.4117002,0.023680937,0.9000001,0.0,0.24132347,0.41004682,0.21381479493473624
L1,demo_275,663,3.4356017,0.024435569,0.9000001,0.0,0.19404268,0.44218326,-0.6780693327014434
L1,demo_276,724,3.6015017,0.024438512,0.9,0.0,0.25235868,0.432683,-0.16003249959260168
L1,demo_277,700,3.3017955,0.023367802,0.9000001,0.0,0.2442528,0.46187449,0.40900768642553514
L1,demo_278,724,3.7550054,0.02379287,0.9,0.0,0.19971645,0.43056035,-0.5267082894414726
L1,demo_279,700,3.334386,0.023676738,0.9000001,0.0,0.20719826,0.40797257,-0.17325808265527382
L1,demo_28,663,3.1189673,0.023973122,0.9,0.0,0.24415898,0.51268137,0.5481019583826806
L1,demo_280,663,3.0948553,0.023642983,0.9000001,0.0,0.1600995,0.38143623,0.2475331769509148
L1,demo_281,663,3.1121714,0.024296252,0.9,0.0,0.2234863,0.4572754,0.713171062639701
L1,demo_282,724,3.531493,0.024261383,0.9000001,0.0,0.22052765,0.39021432,0.2194931364613315
L1,demo_283,700,3.4869332,0.024219163,0.9000001,0.0,0.18840933,0.3941182,-0.005844175089622576
L1,demo_284,700,3.2797117,0.024079349,0.9000001,0.0,0.18146491,0.4723307,0.4008735183256691
L1,demo_285,724,3.6419182,0.02412408,0.9,0.0,0.20352674,0.36629748,0.11190742414024632
L1,demo_286,663,3.159805,0.02404555,0.9000001,0.0,0.1707164,0.50242186,0.14840239517031165
L1,demo_287,663,3.1662314,0.023696704,0.9000001,0.0,0.16451693,0.5047618,0.5109159676252542
L1,demo_288,663,3.7271714,0.024973001,0.9,0.0,0.16542208,0.5206132,-0.7757131086868372
L1,demo_289,663,3.1329522,0.023563191,0.9000001,0.0,0.2363429,0.43451226,-0.09675613097978479
L1,demo_29,700,3.6935334,0.02444623,0.9000001,0.0,0.21447527,0.51188725,-0.3012390904881536
L1,demo_290,724,3.8790894,0.024613088,0.9000001,0.0,0.18179083,0.484918,-0.7388724585180507
L1,demo_291,724,3.4831955,0.023912394,0.9,0.0,0.19482899,0.49150038,-0.09174915098022675
L1,demo_292,724,3.52353,0.024257246,0.9,0.0,0.25898886,0.48113298,-0.27911307828260973
L1,demo_293,724,3.7890227,0.024406243,0.9000001,0.0,0.25928092,0.45644355,-0.621369256948842
L1,demo_294,700,3.473745,0.02400782,0.9,0.0,0.16852641,0.46610475,0.2723311200296019
L1,demo_295,663,3.3649304,0.024280407,0.9000001,0.0,0.21608019,0.45277393,-0.530489301322663
L1,demo_296,724,3.493425,0.023610447,0.9000001,0.0,0.17841005,0.4111235,0.3150361823446348
L1,demo_297,663,2.9917483,0.02333168,0.9000001,0.0,0.2195282,0.43011916,0.4984634095930419
L1,demo_298,700,3.4542751,0.023899682,0.9,0.0,0.16344786,0.47396302,0.3154038153643463
L1,demo_299,700,3.445932,0.024170183,0.9000001,0.0,0.22801805,0.4210317,-0.18642038039502523
L1,demo_3,700,3.3336568,0.023734339,0.9000001,0.0,0.2274456,0.51078606,0.2937629625612908
L1,demo_30,724,3.462337,0.023884056,0.9000001,0.0,0.18150234,0.43823028,0.04732975321269314
L1,demo_300,700,3.7755456,0.024079088,0.9,0.0,0.20774412,0.4785576,-0.5192110806406004
L1,demo_301,663,3.4806464,0.024419848,0.9000001,0.0,0.22701621,0.49357414,-0.6581530600285254
L1,demo_302,663,3.3068423,0.024561225,0.9000001,0.0,0.16607428,0.42313552,-0.32693667831806333
L1,demo_303,724,3.5312345,0.02374371,0.9000001,0.0,0.16679907,0.43835616,-0.031586393082376076
L1,demo_304,724,3.4840174,0.023707712,0.9000001,0.0,0.24066591,0.397357,0.24645147090184844
L1,demo_305,700,3.4108274,0.023756584,0.9,0.0,0.18163979,0.37672126,0.4181723585896699
L1,demo_306,724,3.4380605,0.023200637,0.9000001,0.0,0.20559728,0.39592087,0.31987858611635656
L1,demo_307,724,3.3852863,0.02354424,0.9000001,0.0,0.22437,0.49616253,0.2924032435586366
L1,demo_308,700,3.8097558,0.024920138,0.9000001,0.0,0.20678806,0.5020797,-0.5117797050390903
L1,demo_309,700,3.25356,0.023574818,0.9000001,0.0,0.19721949,0.4404732,0.5981563605821375
L1,demo_31,700,3.3364,0.023917895,0.9000001,0.0,0.23993874,0.4686631,0.2244084460308412
L1,demo_310,724,3.5465438,0.024242047,0.9,0.0,0.2344476,0.39154673,0.023951480962942272
L1,demo_311,724,3.5651946,0.023469431,0.9000001,0.0,0.20024967,0.37014413,0.195935669385146
L1,demo_312,663,3.1452847,0.024525387,0.9000001,0.0,0.21717548,0.37647867,-0.16088461606934562
L1,demo_313,700,3.360241,0.024084656,0.9,0.0,0.22769761,0.39415097,0.554122634568243
L1,demo_314,663,3.0817747,0.023414008,0.9000001,0.0,0.18582821,0.46728778,0.5619559974281269
L1,demo_315,724,3.5241332,0.023816483,0.9,0.0,0.20902717,0.515748,-0.13330547492695033
L1,demo_316,700,3.6168802,0.024013642,0.9000001,0.0,0.16838264,0.39293814,-0.11971597662770622
L1,demo_317,724,3.4042664,0.023449438,0.9,0.0,0.19898987,0.49555218,-0.02469821467612675
L1,demo_318,724,3.4712133,0.023985624,0.9000001,0.0,0.2034769,0.4178059,-0.21811637516325924
L1,demo_319,724,3.7586358,0.024499305,0.9000001,0.0,0.20655394,0.46723711,-0.566310451654184
L1,demo_32,663,3.1418755,0.02351494,0.9000001,0.0,0.2108078,0.42413187,0.24313386887297683
L1,demo_320,700,3.5553017,0.024549134,0.9000001,0.0,0.21832085,0.38598204,-0.26766751989637194
L1,demo_321,663,3.6059415,0.024850218,0.9000001,0.0,0.18106651,0.5360377,-0.7280049881781104
L1,demo_322,700,3.355563,0.024125058,0.9000001,0.0,0.25519133,0.4211651,0.41516049346452255
L1,demo_323,724,3.9018059,0.024353659,0.9000001,0.0,0.20316517,0.49148023,-0.7837283676454427
L1,demo_324,700,3.6870024,0.024654314,0.9,0.0,0.22920227,0.48601568,-0.6846220266551631
L1,demo_325,700,3.3289466,0.023450729,0.9000001,0.0,0.21924448,0.36117697,0.5765432726011636
L1,demo_326,700,3.6243649,0.02456814,0.9000001,0.0,0.17767811,0.38776088,-0.1904824737176742
L1,demo_327,663,3.0710068,0.023583977,0.9000001,0.0,0.23502588,0.4723071,0.3933628383285134
L1,demo_328,663,3.1601186,0.023758456,0.9,0.0,0.1958443,0.48040092,0.22252513900608245
L1,demo_329,724,3.553213,0.02366292,0.9000001,0.0,0.20076418,0.44727743,-0.09745545881522157
L1,demo_33,663,3.1853313,0.02417619,0.9,0.0,0.19763029,0.41290772,0.21184187700438492
L1,demo_330,724,3.575658,0.023478806,0.9000001,0.0,0.21219611,0.36825693,0.34155845791819794
L1,demo_331,724,3.619292,0.023803595,0.9000001,0.0,0.17568493,0.44575453,-0.22032041870306215
L1,demo_332,663,2.947698,0.023823963,0.9000001,0.0,0.23763752,0.42615116,0.4439752163528092
L1,demo_333,724,3.6193948,0.02417989,0.9,0.0,0.17155159,0.40335214,-0.034550973029876385
L1,demo_334,700,3.2401636,0.022580879,0.9000001,0.0,0.20666218,0.50226426,0.39003018015756513
L1,demo_335,663,3.0876737,0.02389857,0.9000001,0.0,0.19322157,0.41016245,0.07059554998903785
L1,demo_336,663,2.9594302,0.023294654,0.9000001,0.0,0.21506405,0.37701118,0.6062938887761224
L1,demo_337,700,3.6234312,0.024762617,0.9000001,0.0,0.18346334,0.39596105,-0.11888418242334305
L1,demo_338,663,3.101479,0.024360003,0.9000001,0.0,0.2566023,0.43500054,0.19322178212637783
L1,demo_339,663,3.251318,0.024038102,0.9,0.0,0.22237945,0.53402364,0.1423019987698598
L1,demo_34,663,3.5368176,0.02416383,0.9000001,0.0,0.25267696,0.5111544,-0.7438285781345046
L1,demo_340,700,3.3650181,0.02364087,0.9000001,0.0,0.1656828,0.40867782,0.490680882879307
L1,demo_341,663,3.0636992,0.023307662,0.9000001,0.0,0.20036459,0.45628798,0.3901215338674316
L1,demo_342,724,3.4086304,0.02399241,0.9,0.0,0.22452557,0.46372688,0.1620759357289189
L1,demo_343,663,3.4595404,0.024271552,0.9000001,0.0,0.1823988,0.4941461,-0.49873619684696996
L1,demo_344,700,3.3099334,0.023165658,0.9000001,0.0,0.18435872,0.46653354,0.5841169403134834
L1,demo_345,724,3.5588665,0.023745997,0.9000001,0.0,0.25277948,0.48825943,-0.25564960724149943
L1,demo_346,700,3.5127687,0.02435118,0.9,0.0,0.23381197,0.36854088,-0.42957839642438433
L1,demo_347,663,3.098111,0.023923447,0.9000001,0.0,0.20018482,0.432312,0.2140671319778282
L1,demo_348,724,3.5592475,0.024009697,0.9000001,0.0,0.22547913,0.48849618,-0.22174226342215667
L1,demo_349,724,3.6812913,0.02404008,0.9000001,0.0,0.22592258,0.40127778,-0.17892167027631042
L1,demo_35,724,3.567491,0.023968196,0.9000001,0.0,0.17555094,0.5349779,-0.16242046006633826
L1,demo_350,700,3.3038647,0.023787422,0.9000001,0.0,0.20812595,0.4475217,0.4508005928403554
L1,demo_351,663,3.2285957,0.02372711,0.9000001,0.0,0.20873976,0.4273857,-0.18154603045912177
L1,demo_352,724,3.5806081,0.023407167,0.9000001,0.0,0.20272017,0.37962604,0.1610720074712323
L1,demo_353,700,3.5715146,0.023921529,0.9000001,0.0,0.19252384,0.4575845,-0.1204373879841308
L1,demo_354,700,3.661129,0.024519745,0.9,0.0,0.18430054,0.48083222,-0.3778659303445339
L1,demo_355,700,3.4543767,0.024020871,0.9,0.0,0.16239071,0.36811137,0.5078685296687914
L1,demo_356,724,3.571858,0.02384377,0.9000001,0.0,0.23692322,0.49867773,-0.38204315370938424
L1,demo_357,700,3.2003298,0.022841675,0.9000001,0.0,0.17516327,0.4596181,0.520294779481911
L1,demo_358,700,3.4147863,0.024069896,0.9,0.0,0.20299387,0.43612897,0.28129178171270686
L1,demo_359,724,3.469109,0.023359463,0.9000001,0.0,0.20155215,0.41478658,0.22772223246386666
L1,demo_36,700,3.3566341,0.023587262,0.9000001,0.0,0.20274258,0.50299215,0.2992647816872093
L1,demo_360,663,3.24159,0.023989383,0.9000001,0.0,0.16125298,0.42807114,-0.3391427507033748
L1,demo_361,700,3.3341827,0.023681112,0.9,0.0,0.20777571,0.40048742,0.5628292806962514
L1,demo_362,663,3.2797108,0.024153799,0.9000001,0.0,0.19847417,0.48090672,0.2239983082535132
L1,demo_363,663,3.3750653,0.023566516,0.9000001,0.0,0.25838566,0.52411985,-0.3423498137885272
L1,demo_364,663,3.5876613,0.0238171,0.9000001,0.0,0.1740303,0.5240595,-0.7303214584873255
L1,demo_365,663,3.150511,0.0235608,0.9000001,0.0,0.16119576,0.5189721,0.5745578763321086
L1,demo_366,724,3.6364489,0.023543868,0.9000001,0.0,0.24348593,0.41199708,-0.2509052416178937
L1,demo_367,724,3.363773,0.023511712,0.9,0.0,0.232,0.4529643,0.23384353644955913
L1,demo_368,663,3.4131782,0.024606192,0.9,0.0,0.23219979,0.47281027,-0.5642108721836718
L1,demo_369,724,3.6414032,0.023986302,0.9000001,0.0,0.21609044,0.46976972,-0.42953824233230686
L1,demo_37,724,3.621686,0.024483027,0.9000001,0.0,0.19869852,0.46079326,-0.40946692277645486
L1,demo_370,700,3.428279,0.024088172,0.9000001,0.0,0.22240376,0.47073102,0.27014809647222837
L1,demo_371,724,3.6123416,0.023184579,0.9000001,0.0,0.1835208,0.46686053,-0.4338713677379882
L1,demo_372,663,3.0796528,0.023809593,0.9,0.0,0.2083211,0.37678885,-0.11650473189021383
L1,demo_373,663,3.2825923,0.02412028,0.9000001,0.0,0.19373143,0.51623774,-0.08918031021642714
L1,demo_374,663,2.9764688,0.023239965,0.9000001,0.0,0.22968817,0.36400187,0.40113565431971693
L1,demo_375,724,3.5342674,0.023494193,0.9000001,0.0,0.2199521,0.46436584,0.009024182812839295
L1,demo_376,700,3.478353,0.024729446,0.9,0.0,0.25880003,0.43741107,-0.1013553185761911
L1,demo_377,663,3.0360885,0.02369043,0.9,0.0,0.2177875,0.37929666,0.4941721812368561
L1,demo_378,700,3.2585936,0.023865208,0.9000001,0.0,0.24416876,0.52774525,0.41205539603076746
L1,demo_379,724,3.6036787,0.02380885,0.9000001,0.0,0.21002865,0.41219616,-0.4936287001505157
L1,demo_38,663,3.0364368,0.023657437,0.9000001,0.0,0.19599915,0.3872676,0.19160320978899897
L1,demo_380,724,3.5601354,0.024110578,0.9000001,0.0,0.21156418,0.39923334,0.07479140195381821
L1,demo_381,724,3.8272052,0.024565311,0.9000001,0.0,0.23925257,0.48113823,-0.7334420557424948
L1,demo_382,663,3.2289593,0.023793334,0.9000001,0.0,0.2538619,0.510283,0.08514665041411858
L1,demo_383,724,3.4397798,0.02372845,0.9000001,0.0,0.16065884,0.53566265,0.2330057056107568
L1,demo_384,700,3.3056483,0.023211882,0.9000001,0.0,0.20197535,0.42286515,0.49768824309879406
L1,demo_385,724,3.5420978,0.02390582,0.9000001,0.0,0.16309977,0.41418695,0.21529238848702792
L1,demo_386,663,3.0920467,0.024047509,0.9,0.0,0.20212781,0.36999786,0.13551298042061877
L1,demo_387,663,3.2870553,0.024099981,0.9000001,0.0,0.24441981,0.45189083,-0.20138727642760718
L1,demo_388,663,3.30613,0.023945788,0.9000001,0.0,0.22007847,0.45182478,-0.4225019620843202
L1,demo_389,724,3.5418193,0.024175389,0.9000001,0.0,0.21446753,0.4636613,-0.2039922032462406
L1,demo_39,663,3.1503632,0.023255788,0.9000001,0.0,0.16885853,0.5089236,0.48701865175629105
L1,demo_390,700,3.3382058,0.023690617,0.9000001,0.0,0.19652355,0.39715683,0.5860057220954821
L1,demo_391,724,3.737956,0.02425464,0.9,0.0,0.18647099,0.4841987,-0.440199565846709
L1,demo_392,663,3.1932573,0.024087142,0.9000001,0.0,0.2103467,0.3686254,-0.3904005735797077
L1,demo_393,700,3.2589154,0.024164971,0.9000001,0.0,0.18854618,0.5218227,0.5522857727300656
L1,demo_394,663,2.963707,0.022886837,0.9000001,0.0,0.24149132,0.45314848,0.5766574539148462
L1,demo_395,663,3.1186538,0.024328252,0.9000001,0.0,0.17627096,0.39144123,0.3144983797555474
L1,demo_396,700,3.5738401,0.024382306,0.9,0.0,0.23689914,0.40764368,-0.4598458300802908
L1,demo_397,663,3.0206666,0.023740258,0.9000001,0.0,0.210513,0.42057133,0.24777683927035757
L1,demo_398,724,3.871364,0.024420967,0.9,0.0,0.25893402,0.5376005,-0.7125587766224171
L1,demo_399,663,3.129198,0.023370042,0.9000001,0.0,0.20333385,0.49433732,0.38655699405649513
L1,demo_4,663,3.105437,0.023961276,0.9,0.0,0.21707821,0.40026855,0.10118153747960258
L1,demo_40,700,3.3236356,0.023633342,0.9,0.0,0.2307862,0.5074708,0.3395125876794269
L1,demo_41,700,3.468237,0.023539498,0.9000001,0.0,0.2278117,0.3676784,0.14964847293677497
L1,demo_42,663,3.124999,0.023396114,0.9,0.0,0.25814712,0.49983597,0.524468045851697
L1,demo_43,724,3.6014757,0.023619339,0.9000001,0.0,0.25098562,0.44588816,-0.5504457305475914
L1,demo_44,663,3.047041,0.023593772,0.9000001,0.0,0.23076725,0.42184842,0.4776314030288988
L1,demo_45,663,3.4180028,0.024438616,0.9000001,0.0,0.1910243,0.46882892,-0.420534218948304
L1,demo_46,700,3.2552776,0.023552347,0.9,0.0,0.22804916,0.4636271,0.5213644883293973
L1,demo_47,663,3.09836,0.024098191,0.9000001,0.0,0.20373595,0.4755504,0.39472565144814986
L1,demo_48,700,3.3777556,0.023857055,0.9000001,0.0,0.23005533,0.39293718,-0.2107140521364253
L1,demo_49,663,3.5057654,0.024390992,0.9000001,0.0,0.17989898,0.5287509,-0.40271266841359127
L1,demo_5,724,3.6857033,0.023699857,0.9000001,0.0,0.25109863,0.39833426,-0.20707042546420534
L1,demo_50,663,3.216639,0.023888841,0.9000001,0.0,0.21836138,0.41261196,-0.29716101403515194
L1,demo_51,663,3.2082176,0.023660492,0.9,0.0,0.16617978,0.4917115,0.05957623080716569
L1,demo_52,700,3.3815522,0.024231464,0.9000001,0.0,0.25896454,0.407642,0.023909738309536323
L1,demo_53,724,3.4656157,0.023690498,0.9,0.0,0.17680156,0.46202672,-0.06643622438101625
L1,demo_54,724,3.735909,0.023835028,0.9000001,0.0,0.16494513,0.5295279,-0.5723369257301278
L1,demo_55,700,3.3896208,0.02353626,0.9,0.0,0.22438228,0.3953365,0.26785550625813553
L1,demo_56,700,3.2899203,0.024080016,0.9000001,0.0,0.19667721,0.46064854,0.3791899264065686
L1,demo_57,663,3.3479934,0.024162,0.9000001,0.0,0.17804766,0.5241191,-0.11397091087688634
L1,demo_58,724,3.6605496,0.024065768,0.9,0.0,0.19035983,0.37588406,-0.09073550002763647
L1,demo_59,663,3.3014863,0.02402778,0.9000001,0.0,0.25756168,0.4409939,-0.5125686251365741
L1,demo_6,700,3.3666224,0.02375294,0.9000001,0.0,0.25799513,0.45772433,0.0653155508241528
L1,demo_60,663,3.4553115,0.02408479,0.9000001,0.0,0.20539951,0.5178917,-0.5468254581615718
L1,demo_61,663,3.0309966,0.024002679,0.9000001,0.0,0.16932487,0.4334116,0.7648840012458542
L1,demo_62,700,3.4021866,0.02334538,0.9000001,0.0,0.20301855,0.50143033,0.25218870243518526
L1,demo_63,724,3.7123914,0.023767319,0.9000001,0.0,0.18059397,0.37175262,-0.06788516445136325
L1,demo_64,663,3.0616446,0.02373796,0.9000001,0.0,0.21448994,0.43382192,0.36702641186370427
L1,demo_65,663,3.4090805,0.02434792,0.9000001,0.0,0.2196871,0.44593275,-0.5528980972438865
L1,demo_66,663,3.4965777,0.024205834,0.9000001,0.0,0.16427088,0.45991695,-0.5492133874779153
L1,demo_67,724,3.4232697,0.023612358,0.9000001,0.0,0.22054458,0.47474325,0.1742736012732415
L1,demo_68,700,3.709992,0.024580356,0.9000001,0.0,0.18294573,0.5296252,-0.4433046333162836
L1,demo_69,663,3.0504453,0.02354733,0.9000001,0.0,0.2368164,0.442271,0.22833105819555014
L1,demo_7,700,3.7984505,0.024208894,0.9,0.0,0.2178986,0.46727324,-0.671445802621246
L1,demo_70,663,3.5187187,0.024811197,0.9000001,0.0,0.17530298,0.48855627,-0.7465567780927456
L1,demo_71,663,3.4372747,0.024519658,0.9,0.0,0.24032342,0.43389797,-0.6534536842043651
L1,demo_72,724,3.7516341,0.024706854,0.9000001,0.0,0.23015165,0.41594183,-0.3111790909692521
L1,demo_73,724,3.4770694,0.024236044,0.9000001,0.0,0.212358,0.48865402,-0.06568712577679223
L1,demo_74,700,3.4442554,0.023864254,0.9,0.0,0.24697697,0.39475203,0.2920866098609376
L1,demo_75,724,3.7365541,0.02454746,0.9,0.0,0.24376166,0.53090125,-0.5697152531814343
L1,demo_76,663,2.9891953,0.02342042,0.9000001,0.0,0.20107603,0.43013012,0.3239942575998756
L1,demo_77,700,3.4646554,0.02392064,0.9000001,0.0,0.1651671,0.41708803,0.3582253479800091
L1,demo_78,663,2.9776247,0.023153853,0.9000001,0.0,0.21335793,0.3892293,0.5354595576841544
L1,demo_79,663,3.161044,0.023773972,0.9000001,0.0,0.21122122,0.42616272,-0.08937566016336669
L1,demo_8,724,3.3988624,0.02354302,0.9000001,0.0,0.22488403,0.438897,-0.007736566354541519
L1,demo_80,663,3.2561169,0.02354991,0.9000001,0.0,0.2315979,0.49131763,-0.3850576049588896
L1,demo_81,724,3.5150135,0.023986092,0.9,0.0,0.25444257,0.4418385,-0.3505915861551885
L1,demo_82,700,3.4039893,0.02440803,0.9000001,0.0,0.23400879,0.39067864,-0.07405954687540384
L1,demo_83,700,3.5223753,0.023670973,0.9000001,0.0,0.2532922,0.36612475,0.05905307723956782
L1,demo_84,724,3.4886389,0.023493316,0.9000001,0.0,0.19458342,0.51206064,-0.16688114935831058
L1,demo_85,700,3.4411535,0.023858724,0.9000001,0.0,0.22200823,0.3892604,0.27224067504741256
L1,demo_86,700,3.4979262,0.024421258,0.9,0.0,0.21037793,0.39094567,-0.23971198212935416
L1,demo_87,700,3.6282017,0.02437212,0.9000001,0.0,0.20273852,0.48765278,-0.5481590044554489
L1,demo_88,700,3.7624063,0.02465581,0.9000001,0.0,0.21758938,0.53471994,-0.6050959961382609
L1,demo_89,663,3.1164222,0.023643853,0.9000001,0.0,0.20436645,0.46606398,0.6285299963888304
L1,demo_9,724,3.6211581,0.023527041,0.9,0.0,0.235775,0.36938405,0.023637614636715012
L1,demo_90,700,3.5773878,0.023915889,0.9,0.0,0.17761683,0.36146915,-0.1534558809073641
L1,demo_91,724,3.5239146,0.024169294,0.9000001,0.0,0.19482386,0.43281043,0.025790052175565355
L1,demo_92,700,3.437463,0.023816362,0.9,0.0,0.1641525,0.37438774,0.2473733201498563
L1,demo_93,724,3.4628508,0.023086116,0.9000001,0.0,0.24855042,0.52900463,-0.10845824871422517
L1,demo_94,700,3.5745103,0.024530707,0.9000001,0.0,0.17408705,0.4001348,-0.22163955420782808
L1,demo_95,724,3.8152642,0.025049437,0.9000001,0.0,0.16904306,0.5039134,-0.5617355347132462
L1,demo_96,724,3.5895886,0.024082161,0.9,0.0,0.24373984,0.41877472,-0.4375093371459575
L1,demo_97,700,3.2403429,0.023118138,0.9,0.0,0.23986554,0.48561656,0.29520886724067563
L1,demo_98,724,3.4911475,0.024049483,0.9000001,0.0,0.19390535,0.4193604,0.3000499863391072
L1,demo_99,700,3.5225759,0.02394454,0.9000001,0.0,0.17490387,0.42970753,-0.008031973362556302
L2,demo_0,679,3.4303277,0.024494557,0.93787193,-0.055449963,0.24677801,0.5352795,-0.24031850066640342
L2,demo_1,743,3.5932062,0.023858627,0.8558786,-0.0241673,0.19103622,0.5290719,-0.7716860152565065
L2,demo_10,679,3.6752439,0.024463758,0.9206691,0.041255116,0.2031765,0.49708676,-0.5249616429088778
L2,demo_100,679,3.4621172,0.023879692,0.931628,-0.057083607,0.21742201,0.3629669,0.13415744143698496
L2,demo_101,679,3.2839506,0.023649946,0.9327693,-0.0033544302,0.18505502,0.4736333,0.4454556731424133
L2,demo_102,724,3.6928763,0.024290523,0.9181487,-0.007661581,0.2553389,0.40938234,-0.17220270884259956
L2,demo_103,656,3.1239562,0.023742944,0.91276693,0.020803452,0.22798538,0.52219033,0.21215010790345373
L2,demo_104,740,3.4640188,0.023551108,0.86479473,-0.04719901,0.20990658,0.5259795,-0.4145382148691373
L2,demo_105,641,3.1113017,0.023969632,0.9140005,-0.048266053,0.18938684,0.44448245,0.07556308498414153
L2,demo_106,743,3.2985902,0.023773696,0.85667324,-0.05488646,0.24801505,0.4671986,-0.46537382959374224
L2,demo_107,641,3.1738174,0.023849044,0.9485998,-0.056556225,0.23437929,0.4535253,0.6442894190444962
L2,demo_108,724,3.7272506,0.02391593,0.9383421,0.05747688,0.23688126,0.39146388,-0.2259739109036508
L2,demo_109,743,3.3219085,0.023745375,0.86327887,-0.002665639,0.22052431,0.41294992,-0.5573981327968072
L2,demo_11,679,3.3823652,0.023856182,0.94730496,-0.006770849,0.21265924,0.3849516,0.39466079299725976
L2,demo_110,623,2.9164357,0.023398282,0.8769784,0.01402545,0.23194492,0.44268847,-0.27944199409106923
L2,demo_111,623,2.968131,0.023272458,0.87074614,0.05376804,0.20697272,0.43689775,-0.6978004137600035
L2,demo_112,721,3.398888,0.023551026,0.86039734,-0.013974071,0.1668477,0.40829575,-0.6592392442497521
L2,demo_113,699,3.2763176,0.024185617,0.9267806,-0.005450964,0.19573748,0.424222,-0.5268463289871186
L2,demo_114,663,3.279525,0.023799578,0.89399815,-0.021526575,0.2570846,0.53006434,-0.07504207202495197
L2,demo_115,656,3.1743505,0.024169048,0.9248488,0.03432226,0.2214309,0.5159332,-0.2947901785435565
L2,demo_116,740,3.3599787,0.023227274,0.8827257,-0.054920197,0.23219681,0.52483606,-0.23343634007877107
L2,demo_117,623,3.040968,0.023238448,0.9097961,0.051100373,0.2528193,0.44466949,-0.5744019467874033
L2,demo_118,623,2.9249382,0.024319652,0.8998947,0.03054583,0.17188549,0.41720235,-0.13250489805760507
L2,demo_119,632,3.0712194,0.023709023,0.94215965,-0.02873826,0.18595743,0.43321633,-0.6568499772226188
L2,demo_12,714,3.3327827,0.024103163,0.87088895,-0.03507495,0.21231985,0.4262774,0.2403151865397617
L2,demo_120,724,3.679205,0.023896294,0.91617346,0.041349173,0.16532707,0.4602393,0.08981935619458004
L2,demo_121,663,3.0312228,0.024025343,0.92002714,-0.0022079945,0.21436715,0.36562562,0.6035478105885249
L2,demo_122,632,3.0642614,0.024210494,0.94037175,0.05360639,0.18228614,0.46973085,-0.6341178261134184
L2,demo_123,679,3.5167391,0.024777932,0.90420055,-0.05830443,0.2041502,0.5102682,-0.20362630262188608
L2,demo_124,700,3.230606,0.02372016,0.8529251,-0.03198707,0.21490121,0.45181775,0.3289063027872422
L2,demo_125,743,3.384131,0.02353815,0.87183523,0.019066095,0.20153427,0.42830896,-0.4587618399438133
L2,demo_126,679,3.1807432,0.023928247,0.9407142,-0.038069606,0.230461,0.4916674,0.480912776554057
L2,demo_127,740,3.3316424,0.023496384,0.8732357,-0.042839766,0.22769165,0.46992946,-0.19768575549694836
L2,demo_128,724,3.3079438,0.024020184,0.9296508,-0.023208141,0.21869993,0.5374554,0.35096484859366067
L2,demo_129,679,3.373489,0.023628745,0.94064736,0.043822408,0.20801973,0.47193503,0.4096311875538854
L2,demo_13,679,3.7805686,0.024274312,0.9494395,-0.05445385,0.21802521,0.5253912,-0.5459313216800947
L2,demo_130,663,3.2795072,0.024037216,0.85445356,0.0045633316,0.2521577,0.40628767,-0.7317579025710657
L2,demo_131,700,3.393742,0.02440915,0.8612574,-0.015084624,0.16939867,0.41730404,0.09684604085977615
L2,demo_132,714,3.6315217,0.024427744,0.91908026,-0.020327449,0.24850655,0.42707384,-0.5781137583034034
L2,demo_133,714,3.488554,0.023891764,0.9077852,-0.007708907,0.18537927,0.482754,-0.18616302531001058
L2,demo_134,742,3.5044155,0.024040155,0.8824717,0.025757909,0.17119455,0.49768078,-0.31020929138587144
L2,demo_135,632,3.1030953,0.02397619,0.9144537,0.016961098,0.16155684,0.48180223,-0.6165768960358429
L2,demo_136,679,3.4149652,0.023685189,0.92716384,0.04935074,0.16257071,0.41053236,0.4347226371374417
L2,demo_137,623,3.006827,0.023027511,0.9314556,0.033826113,0.19422865,0.4040643,-0.5423722674195971
L2,demo_138,641,3.0746648,0.024022985,0.8570514,0.04278791,0.23739529,0.38906455,0.5747074902492214
L2,demo_139,699,3.2541358,0.023443285,0.868217,0.019031644,0.17612684,0.40039587,-0.7076837156498478
L2,demo_14,699,3.2831511,0.023451604,0.91310644,0.056351423,0.21904957,0.42293072,-0.6895367003816716
L2,demo_140,679,3.2987127,0.023613214,0.92776203,0.004057884,0.2039957,0.47370887,0.40172803778982424
L2,demo_141,632,3.0264685,0.023306377,0.9227176,-0.0048383474,0.19213808,0.5243757,-0.39437548217238233
L2,demo_142,632,3.1928062,0.023846297,0.92840385,-0.034557104,0.17153311,0.51047325,-0.5560537487958875
L2,demo_143,679,3.230805,0.023295628,0.90795994,0.012959957,0.22241879,0.50316024,0.24823128033200623
L2,demo_144,632,3.0603147,0.02367572,0.9416151,-0.019016504,0.16610003,0.48648334,-0.5433092366687085
L2,demo_145,623,3.0610268,0.023686357,0.8696523,0.039260864,0.221488,0.38959765,-0.7833894221699499
L2,demo_146,663,3.1992269,0.023878675,0.90164113,-0.0045500994,0.179209,0.5368099,0.7031764014176984
L2,demo_147,700,3.1583905,0.023601726,0.8668375,0.009098411,0.23643827,0.52690506,0.44553933003987023
L2,demo_148,724,3.7290015,0.02406082,0.94776136,0.007009268,0.21257854,0.3711424,0.006392359961379782
L2,demo_149,623,3.0075665,0.023823746,0.8969917,0.03931284,0.16818905,0.45138526,-0.7260587033100907
L2,demo_15,714,3.4987516,0.024579199,0.9232607,-0.022415161,0.19037437,0.43646944,-0.25329854683302927
L2,demo_150,714,3.801596,0.024758292,0.933269,-0.015432119,0.17751896,0.48029625,-0.48185160537566113
L2,demo_151,623,2.91972,0.023719708,0.8838885,0.0030686855,0.21166718,0.41808367,-0.5467306282478267
L2,demo_152,656,3.1007295,0.023098083,0.87943554,0.054119825,0.21770573,0.45073557,-0.0007542502268108349
L2,demo_153,721,3.390336,0.023762204,0.897212,-0.01864791,0.2407291,0.3971417,-0.6913780548466716
L2,demo_154,724,3.488247,0.023719931,0.9493756,-0.033430815,0.16515541,0.36919928,0.3932252591838964
L2,demo_155,641,3.0734677,0.024035143,0.8911861,0.040697455,0.22947705,0.42515016,0.0904965405832796
L2,demo_156,700,3.23525,0.023228435,0.85075665,-0.026514173,0.19691086,0.48106587,0.3826765994215237
L2,demo_157,632,2.936417,0.023512831,0.9097347,0.009929419,0.21697664,0.42816496,-0.5651043297883571
L2,demo_158,679,3.1803951,0.023456769,0.90385103,-0.024232626,0.19964921,0.5075247,0.6628011016120487
L2,demo_159,663,3.3303313,0.024248054,0.8906883,0.051928163,0.16080904,0.5038307,-0.364858163526689
L2,demo_16,632,2.9521527,0.023753783,0.93316174,-0.025040865,0.19453788,0.46348298,-0.2925692286453547
L2,demo_160,641,3.0370626,0.02336385,0.9420658,-0.03530085,0.22739029,0.3692541,0.182503877072653
L2,demo_161,740,3.5727327,0.023767596,0.87136745,-0.057731867,0.19335413,0.38723123,-0.27665566129403035
L2,demo_162,641,3.173644,0.02469912,0.89015484,0.04715705,0.20464873,0.36957836,0.08056266470673319
L2,demo_163,656,3.032518,0.023494797,0.9205003,0.059898734,0.21040475,0.40048432,0.24430210290620735
L2,demo_164,656,3.449103,0.024556067,0.89114434,0.050787926,0.24775434,0.5086198,-0.7521375781665693
L2,demo_165,714,3.414174,0.023703488,0.94143105,-0.05469668,0.17930055,0.46310115,0.10618487837084283
L2,demo_166,724,3.4453697,0.023152426,0.93614674,-0.022297263,0.16231298,0.4461168,-0.22147817907933748
L2,demo_167,656,3.0318203,0.02395429,0.8863888,0.055054307,0.21023607,0.368878,0.22574218280967334
L2,demo_168,656,3.4400792,0.024565136,0.9436953,0.04225135,0.17495728,0.48603106,-0.6724211794942326
L2,demo_169,623,2.9751854,0.02458696,0.9436743,0.05716622,0.24878645,0.4974047,-0.31093657285216963
L2,demo_17,663,3.405663,0.024576861,0.9283948,0.024349928,0.20025742,0.44362283,-0.5520826785849121
L2,demo_170,618,2.9631963,0.023254452,0.91254425,-0.05874145,0.23316956,0.4834156,-0.7427956980658442
L2,demo_171,714,3.4718344,0.023815488,0.91529447,-0.005869627,0.1677388,0.4906807,-0.11053903673734966
L2,demo_172,641,3.0266635,0.024081875,0.8891516,0.015243769,0.23658228,0.45824003,0.3814578723615874
L2,demo_173,743,3.366613,0.0237041,0.8657098,0.043338776,0.18138838,0.47226214,-0.5949159883470612
L2,demo_174,674,3.1997325,0.023851573,0.85442686,0.022479415,0.22816098,0.52945393,-0.6041010935379821
L2,demo_175,679,3.2001886,0.023481775,0.90586567,-0.030347109,0.23974419,0.5149499,0.5604637722583983
L2,demo_176,623,2.9943519,0.02378917,0.8813112,0.033023596,0.19176209,0.5089979,-0.5409583436200789
L2,demo_177,679,3.3280478,0.024266385,0.9404292,-0.013155818,0.20731115,0.53577256,0.018827395788757924
L2,demo_178,714,3.5246658,0.024206763,0.92100096,-0.028366446,0.24123192,0.40061235,-0.177050504980173
L2,demo_179,700,3.3540025,0.023527637,0.8746505,-0.04493308,0.2484417,0.40961528,0.16660234135759244
L2,demo_18,656,3.3872871,0.02473828,0.93987477,0.05101967,0.19726324,0.49488544,-0.6020801694804957
L2,demo_180,663,3.3572066,0.024331534,0.8644879,0.023707509,0.236521,0.42606258,-0.6223135476023121
L2,demo_181,740,3.5782013,0.024932513,0.85810876,-0.039390564,0.21696448,0.3934201,-0.4970628943412928
L2,demo_182,623,3.1024907,0.023586309,0.8991003,0.053022146,0.24801219,0.51334524,-0.7604702943937165
L2,demo_183,679,3.5834827,0.024197903,0.94011825,0.0036838055,0.21798587,0.5255102,-0.4766395159940648
L2,demo_184,679,3.7532701,0.024651665,0.9189222,-0.0035943985,0.24440515,0.49380112,-0.1253304294173273
L2,demo_185,714,3.4128385,0.024187813,0.9023657,-0.0098439455,0.21129894,0.50560015,0.13205207454364737
L2,demo_186,663,3.149762,0.023553854,0.9018457,0.005510688,0.22119522,0.5391554,0.32462364648393544
L2,demo_187,679,3.266343,0.023235772,0.9499936,-0.03931117,0.18088937,0.45255232,0.556447847985465
L2,demo_188,663,3.3876493,0.024361644,0.9287157,0.039453506,0.17391348,0.49751687,-0.2649207397751167
L2,demo_189,699,3.2027938,0.023516873,0.88851714,-0.057913184,0.25358188,0.4046911,-0.5437715135049663
L2,demo_19,724,3.5692925,0.023866484,0.91913205,-0.007979631,0.25714946,0.48891234,-0.4251114374140288
L2,demo_190,714,3.3424814,0.023089388,0.8577001,-0.03708589,0.24501562,0.4261322,0.16130025636514797
L2,demo_191,724,3.5347104,0.02329525,0.935503,0.05966735,0.20124793,0.47888267,0.20900419607143855
L2,demo_192,632,3.054452,0.02349885,0.94425374,-0.00844264,0.19538736,0.5083103,-0.522392133028381
L2,demo_193,679,3.3199835,0.024469227,0.8767514,0.00114429,0.17163134,0.4808023,-0.01890014688770643
L2,demo_194,724,3.5689707,0.023930108,0.924736,-0.015169263,0.16910505,0.5261581,-0.23310036913952017
L2,demo_195,714,3.3003056,0.02403239,0.85022694,-0.043339968,0.17295432,0.44503617,0.38748433849806696
L2,demo_196,656,3.1339993,0.024076352,0.910727,0.019683242,0.19732141,0.44630194,-0.25918872142866506
L2,demo_197,743,3.3485622,0.023446605,0.885499,0.004840851,0.23608851,0.4656005,-0.4897923037823357
L2,demo_198,618,2.9534707,0.023842804,0.8959527,-0.020273447,0.20184088,0.4476614,-0.7597108383766743
L2,demo_199,679,3.4272232,0.02423131,0.91203314,-0.05987048,0.20719826,0.40797257,-0.17325808265527382
L2,demo_2,663,3.4469454,0.025119497,0.87057614,0.020898342,0.18960726,0.44996405,-0.7565939945624365
L2,demo_20,699,3.2713826,0.02356667,0.91941714,0.00417161,0.24119544,0.5204716,-0.5841620878387564
L2,demo_200,724,3.7617466,0.023878723,0.94902086,0.036744952,0.1600995,0.38143623,0.2475331769509148
L2,demo_201,656,3.3627841,0.024419082,0.86922956,0.045906663,0.17542171,0.51073647,-0.6290966087661855
L2,demo_202,724,3.5161266,0.023805695,0.9494717,-0.01275599,0.22052789,0.39021432,0.2194931364613315
L2,demo_203,656,3.1085424,0.023058854,0.8936367,0.03390777,0.18840933,0.3941182,-0.005844175089622576
L2,demo_204,618,2.8723526,0.023402696,0.9122577,0.003653884,0.1757493,0.47506702,-0.47561535237445285
L2,demo_205,700,3.3826234,0.023748918,0.8530979,-0.030767798,0.2035265,0.36629748,0.11190742414024632
L2,demo_206,679,3.3677628,0.024101524,0.94735074,0.022888303,0.17071629,0.50242186,0.14840239517031165
L2,demo_207,623,2.8594856,0.023516566,0.93438053,0.048270583,0.2363429,0.43451226,-0.09675613097978479
L2,demo_208,724,3.9502234,0.024483461,0.92239654,-0.012807846,0.18179071,0.484918,-0.7388724585180507
L2,demo_209,724,3.7487059,0.024563119,0.9303763,-0.05791986,0.25928116,0.45644355,-0.621369256948842
L2,demo_21,674,3.1861744,0.02319786,0.8504238,-0.057593822,0.22806883,0.53729856,-0.7486941584954063
L2,demo_210,679,3.2973537,0.023681788,0.92047024,-0.024821043,0.16852641,0.46610475,0.2723311200296019
L2,demo_211,641,3.0873656,0.023341184,0.89651394,-0.016630411,0.2508955,0.516191,0.27986250892549736
L2,demo_212,618,2.917458,0.023260025,0.9166918,-0.04518938,0.21608031,0.45277393,-0.530489301322663
L2,demo_213,679,3.2268233,0.024084898,0.8857064,0.023167968,0.20438099,0.47736096,0.468872596737405
L2,demo_214,641,3.1029031,0.023378018,0.9057369,-0.046597242,0.16344786,0.47396302,0.3154038153643463
L2,demo_215,663,3.591822,0.024549754,0.859616,0.0053440332,0.25363111,0.525208,-0.7348790215530748
L2,demo_216,679,3.6131961,0.024562728,0.9466095,-0.02173376,0.20774412,0.4785576,-0.5192110806406004
L2,demo_217,656,3.3534293,0.024462294,0.93490744,0.03371501,0.22701597,0.49357414,-0.6581530600285254
L2,demo_218,674,3.2372322,0.023851521,0.87828827,0.023542523,0.21552849,0.39711428,-0.47956268689588477
L2,demo_219,632,3.0121052,0.023361452,0.88093257,0.034440637,0.19652891,0.5129082,-0.6858583151521223
L2,demo_22,679,3.415187,0.024802571,0.93035626,0.016943097,0.2279005,0.47171474,-0.16677996655408633
L2,demo_220,724,3.3871136,0.023678668,0.92594576,-0.04421842,0.2055974,0.39592087,0.31987858611635656
L2,demo_221,724,3.680539,0.023620872,0.90880656,0.017869115,0.20678818,0.50207967,-0.5117797050390903
L2,demo_222,679,3.4692473,0.023961633,0.91090137,0.04920578,0.2344476,0.39154673,0.023951480962942272
L2,demo_223,679,3.1346421,0.023213677,0.9394064,-0.030128956,0.22769761,0.39415097,0.554122634568243
L2,demo_224,699,3.2222962,0.023259623,0.88617325,0.029030561,0.20655155,0.46292877,-0.7218657468747289
L2,demo_225,700,3.658221,0.024416013,0.86449957,-0.03072846,0.19297695,0.4873786,-0.560495797098963
L2,demo_226,679,3.654214,0.024375085,0.8874476,-0.03927827,0.20655394,0.46723711,-0.566310451654184
L2,demo_227,699,3.301271,0.023895375,0.94261336,0.008742332,0.23607588,0.37942302,-0.6375516151178799
L2,demo_228,674,3.1541328,0.023331735,0.87829685,-0.026067376,0.18106651,0.5360376,-0.7280049881781104
L2,demo_229,632,3.0408807,0.023882411,0.92938155,0.045256972,0.20316517,0.49148023,-0.7837283676454427
L2,demo_23,700,3.5843043,0.024700105,0.89732337,-0.011605501,0.21447527,0.51188725,-0.3012390904881536
L2,demo_230,724,3.8035998,0.02448854,0.9017153,0.039277673,0.2077322,0.52356744,-0.6903580351822577
L2,demo_231,641,3.0823436,0.02425859,0.8884723,0.029518127,0.21219635,0.36825693,0.34155845791819794
L2,demo_232,632,3.0134642,0.023601403,0.8522899,0.0114218,0.17657924,0.44933188,-0.7569127571805245
L2,demo_233,724,3.4287477,0.023969728,0.93049496,-0.050531387,0.24064231,0.53602886,0.10095181128202359
L2,demo_234,641,3.0758047,0.02438764,0.85019016,-0.035638213,0.19322157,0.41016245,0.07059554998903785
L2,demo_235,663,3.123187,0.023847904,0.86506605,0.053289652,0.18346334,0.39596105,-0.11888418242334305
L2,demo_236,724,3.7135644,0.023970196,0.9071705,-0.028827786,0.19472861,0.36071253,-0.15743961301937337
L2,demo_237,714,3.276104,0.023417775,0.90724945,-0.0379138,0.2566023,0.43500054,0.19322178212637783
L2,demo_238,641,3.0685558,0.023929842,0.90359527,-0.012155414,0.25541854,0.41358232,0.31588198258173256
L2,demo_239,623,2.922782,0.023617016,0.92207456,0.034048796,0.17967868,0.49653864,-0.14671464729078498
L2,demo_24,679,3.1161144,0.0232376,0.9182412,-0.04130721,0.24415898,0.5126815,0.5481019583826806
L2,demo_240,641,3.0743508,0.023946345,0.89513385,-0.036479115,0.16568255,0.40867782,0.490680882879307
L2,demo_241,656,3.0854824,0.023637783,0.9493382,0.052611947,0.22237921,0.53402376,0.1423019987698598
L2,demo_242,679,3.198553,0.023296583,0.90715456,0.007916689,0.25865316,0.44883752,0.35141786701541655
L2,demo_243,674,3.1177526,0.023733918,0.89559984,-0.05830121,0.18780494,0.38898873,-0.682023635106498
L2,demo_244,679,3.406996,0.02411941,0.9292312,-0.014317632,0.25279903,0.5050566,-0.3091003880147628
L2,demo_245,618,2.911326,0.02405074,0.9277578,0.031157613,0.18239892,0.4941461,-0.49873619684696996
L2,demo_246,674,3.0917141,0.023320505,0.918803,-0.021330595,0.20177603,0.37273598,-0.23354720375325944
L2,demo_247,623,2.9809813,0.023542166,0.88227844,0.051368237,0.22547913,0.48849618,-0.22174226342215667
L2,demo_248,714,3.6129935,0.024576731,0.9444611,-0.039911985,0.25277948,0.48825943,-0.25564960724149943
L2,demo_249,721,3.3782947,0.023740657,0.93411684,-0.018760324,0.25291312,0.5072584,-0.7189907659435548
L2,demo_25,663,3.373578,0.02367529,0.88795066,0.0074295998,0.20222807,0.5280347,-0.04590072910972634
L2,demo_250,679,3.4440851,0.024529384,0.92833614,0.03456998,0.22592258,0.40127778,-0.17892167027631042
L2,demo_251,641,3.112886,0.024364797,0.8827644,-0.03381145,0.24238348,0.42872238,-0.11234585001050353
L2,demo_252,714,3.3204143,0.023514656,0.94869995,-0.03430879,0.16239071,0.36811137,0.5078685296687914
L2,demo_253,699,3.3482726,0.023699796,0.8737631,0.043505073,0.19743586,0.41490173,-0.7128052806308713
L2,demo_254,740,3.3949394,0.023425132,0.8587837,-0.034292817,0.23692322,0.49867773,-0.38204315370938424
L2,demo_255,618,2.8168404,0.023990175,0.91176367,0.025107265,0.16125298,0.42807114,-0.3391427507033748
L2,demo_256,674,3.2562454,0.02344172,0.9211683,-0.013428807,0.22125483,0.46009767,-0.4113122630582145
L2,demo_257,699,3.422896,0.023760904,0.9134548,-0.0013583899,0.16311538,0.4975586,-0.7724037769238373
L2,demo_258,656,3.2651525,0.023534391,0.8818607,0.048820138,0.2583859,0.52411985,-0.3423498137885272
L2,demo_259,623,3.0869122,0.023930982,0.87260056,0.055962324,0.1740303,0.52405953,-0.7303214584873255
L2,demo_26,641,3.0157828,0.024153244,0.8537414,0.02449596,0.2108078,0.42413187,0.24313386887297683
L2,demo_260,663,3.1848102,0.023942789,0.86940885,0.025979519,0.16119576,0.51897216,0.5745578763321086
L2,demo_261,724,3.4954486,0.023887718,0.935277,0.057836294,0.222404,0.47073102,0.27014809647222837
L2,demo_262,743,3.5598512,0.024137609,0.91706705,-0.032340765,0.16373062,0.37443423,-0.7208805156780834
L2,demo_263,663,3.227267,0.02474123,0.8937392,0.042749286,0.2195878,0.4529729,-0.30273962030557716
L2,demo_264,663,2.956709,0.022732634,0.8751954,0.013714552,0.2177875,0.37929666,0.4941721812368561
L2,demo_265,618,2.8902786,0.023238666,0.89637923,0.05618,0.17557669,0.36957943,-0.6223441318120714
L2,demo_266,674,3.1608605,0.023536572,0.93840504,0.035170555,0.21002865,0.41219616,-0.4936287001505157
L2,demo_267,641,3.029327,0.023506558,0.9138355,-0.05762732,0.20197535,0.42286515,0.49768824309879406
L2,demo_268,714,3.3842523,0.023838697,0.9129772,-0.01380384,0.16309977,0.41418695,0.21529238848702792
L2,demo_269,641,3.1916924,0.023816923,0.8545295,-0.018617034,0.25675416,0.46679163,-0.07272783606703907
L2,demo_27,679,3.2746954,0.023730488,0.8883238,0.04006183,0.2569909,0.47819078,-0.01157852428294098
L2,demo_270,679,3.1855626,0.023049861,0.94402075,0.049720407,0.22934532,0.38457632,0.6876024970917178
L2,demo_271,623,2.9357767,0.02393133,0.9289985,0.039633036,0.18389297,0.53731745,-0.21136108042882787
L2,demo_272,623,2.983275,0.02380344,0.8605697,0.052363753,0.17742419,0.47742367,-0.43266765307589816
L2,demo_273,674,3.1465313,0.023904046,0.89301944,0.034342885,0.21312189,0.37185884,-0.5209095452359765
L2,demo_274,699,3.2240546,0.023538526,0.8772572,0.0052542686,0.18647099,0.4841987,-0.440199565846709
L2,demo_275,679,3.1438768,0.023805292,0.949826,-0.0029615164,0.2518611,0.41961646,0.5434420250234833
L2,demo_276,724,3.5764182,0.023550991,0.90155506,0.041439056,0.20186996,0.43945146,0.02150056757154606
L2,demo_277,743,3.4565418,0.02401647,0.854033,-0.017680645,0.22433364,0.4956106,-0.7554260227805867
L2,demo_278,679,3.273311,0.024143873,0.93140674,0.005113125,0.25622034,0.46655095,-0.063134873923489
L2,demo_279,632,3.136948,0.023825748,0.8968404,-0.019805789,0.19159973,0.51911074,-0.7229773500667958
L2,demo_28,663,3.4958103,0.024413114,0.92731553,0.026790023,0.25267708,0.5111544,-0.7438285781345046
L2,demo_280,632,3.0704694,0.02387655,0.9073507,-0.02405119,0.21206474,0.47949612,-0.6844543691333356
L2,demo_281,679,3.3905635,0.023506997,0.9310458,0.00845778,0.19888198,0.5242832,-0.05097770003801474
L2,demo_282,679,3.5486975,0.024472892,0.91127396,0.0054962635,0.20642829,0.53389215,-0.2856796582633726
L2,demo_283,679,3.3999147,0.023837207,0.92922854,-0.02078104,0.25835943,0.48719049,-0.4965127217967724
L2,demo_284,742,3.5076423,0.023307256,0.8540273,-0.02555418,0.17048848,0.4022267,-0.3804915096121135
L2,demo_285,679,3.1981719,0.02382804,0.9481044,-0.017143011,0.19296646,0.41797745,0.7341567846817142
L2,demo_286,714,3.6807232,0.024121877,0.9203167,-0.0040199757,0.24242973,0.50149065,-0.44721632318307397
L2,demo_287,623,3.0262,0.023979142,0.93110514,0.0111705065,0.16095054,0.4105277,-0.4089797828367164
L2,demo_288,663,3.0239997,0.023877842,0.8847108,0.033503175,0.18290281,0.45763934,0.7068810683215937
L2,demo_289,674,3.139227,0.023505542,0.88618135,-0.020977736,0.20251226,0.4109155,-0.3957627758656417
L2,demo_29,623,3.0420902,0.023934878,0.91337967,0.028328896,0.24038649,0.5367884,-0.4095341078822186
L2,demo_290,632,2.970469,0.023799326,0.9189987,-0.0067533255,0.24873102,0.48294175,-0.5488191700407887
L2,demo_291,618,2.912262,0.023319919,0.9449866,0.05459702,0.21995294,0.38002467,-0.7633799447055045
L2,demo_292,656,3.3600955,0.024426658,0.914402,0.027778506,0.255486,0.490494,-0.44511168253339783
L2,demo_293,641,3.1567314,0.023509538,0.89958286,0.038150072,0.22869015,0.5391531,0.6663874668404224
L2,demo_294,679,3.7120688,0.024939017,0.9222825,-0.048664927,0.18508768,0.49755967,-0.5182550265490324
L2,demo_295,641,3.22469,0.02401625,0.88777524,0.0404042,0.17268622,0.53654814,0.06748613643021874
L2,demo_296,740,3.6050515,0.024226978,0.85902905,-0.022913218,0.20998776,0.369655,-0.38488978567347204
L2,demo_297,623,2.933288,0.02362945,0.8653431,0.024319649,0.24091291,0.49037623,-0.5141121677774961
L2,demo_298,742,3.4321022,0.023854844,0.8796325,0.0013842583,0.19400835,0.49528563,-0.33552354526172545
L2,demo_299,724,3.612434,0.02354148,0.9014721,0.021937251,0.20826292,0.4208355,-0.0761467356456415
L2,demo_3,714,3.8536973,0.024687594,0.9051204,-0.05149007,0.20932627,0.5152769,-0.6639419818107963
L2,demo_30,663,3.1726007,0.024159046,0.9275019,0.052251577,0.20274258,0.50299215,0.2992647816872093
L2,demo_300,679,3.427454,0.02397352,0.9352813,0.044041395,0.22900653,0.46172357,-0.2151385153825831
L2,demo_301,641,2.9915981,0.023731459,0.8636379,0.022419214,0.19958925,0.3966148,0.6304656240269584
L2,demo_302,724,3.3318324,0.023253797,0.92694473,0.010802627,0.17540264,0.4593959,0.4031898464508681
L2,demo_303,679,3.0638177,0.023310967,0.94886494,0.035149813,0.25745177,0.49566746,0.6539288769626037
L2,demo_304,714,3.5216303,0.024694018,0.87537324,-0.05715835,0.2323227,0.42410958,-0.44622626045401426
L2,demo_305,699,3.2993767,0.02397296,0.8870745,0.011329174,0.18823063,0.5085312,-0.7026294766005436
L2,demo_306,674,3.2778444,0.02384763,0.8652102,0.002609253,0.2318157,0.5202873,-0.7404219223364679
L2,demo_307,656,2.9489515,0.023707658,0.9479909,0.05751741,0.21989167,0.43134093,0.3547006329204301
L2,demo_308,663,3.0388608,0.023276428,0.9125066,-0.007197976,0.1873517,0.45442986,0.7639824922205365
L2,demo_309,663,3.2611356,0.023315363,0.86475325,-0.011497736,0.16589499,0.53904563,0.3715853573944893
L2,demo_31,679,3.228469,0.023467489,0.9231038,-0.019666195,0.20677614,0.3868258,0.47366995588390715
L2,demo_310,679,3.6169586,0.02492467,0.933062,-0.016756177,0.24360836,0.47130764,-0.6373680413819589
L2,demo_311,663,3.177537,0.024264064,0.94520855,0.027192712,0.24014282,0.36870193,-0.11983756948881308
L2,demo_312,663,3.4278672,0.024261558,0.90871334,-0.03639996,0.21815968,0.4484409,-0.6265470396295729
L2,demo_313,618,2.953028,0.023320297,0.9041343,-0.0039947033,0.21798098,0.51083064,-0.6207487772802869
L2,demo_314,743,3.2819893,0.023141023,0.9461477,-0.03696096,0.22844934,0.4828267,-0.29312743934859714
L2,demo_315,656,3.0839205,0.023154324,0.9208205,0.05076933,0.22747111,0.51921266,0.18059862256789402
L2,demo_316,632,3.1123304,0.023581333,0.8716998,-0.05205369,0.18834782,0.5103241,-0.4956193963072455
L2,demo_317,714,3.699485,0.023312887,0.9382434,-0.04562676,0.24106884,0.49782598,-0.4457442981289033
L2,demo_318,674,3.1440492,0.0243389,0.9011698,0.04636538,0.18640757,0.470492,-0.318681486175239
L2,demo_319,700,3.350523,0.023614034,0.86284065,0.01879096,0.1659193,0.4707663,0.4453987397465204
L2,demo_32,679,3.1387553,0.023758216,0.92463493,-0.014084458,0.16741657,0.40341926,0.764330515034235
L2,demo_320,641,2.9501634,0.023763902,0.8853936,0.0075341463,0.20550108,0.3972001,0.5251205592346696
L2,demo_321,679,3.3675468,0.023532666,0.94912326,-0.03726065,0.20692563,0.48659682,0.07305391977104543
L2,demo_322,632,2.9845061,0.02387098,0.8668804,0.042318344,0.1623826,0.42951035,-0.5787299267534114
L2,demo_323,641,3.0756319,0.023756575,0.8829427,0.033992767,0.21144104,0.43953395,0.25932219601974354
L2,demo_324,699,3.3238375,0.02437196,0.94533753,-0.009044647,0.20273674,0.3877176,-0.5886218102531563
L2,demo_325,714,3.463811,0.023690045,0.8920739,-0.025584579,0.16478157,0.44424427,-0.03286826063081346
L2,demo_326,674,3.184084,0.023375856,0.8799486,0.056383014,0.18526363,0.42193055,-0.393068679874983
L2,demo_327,714,3.3161435,0.023304522,0.9110255,-0.035331488,0.16158628,0.37495744,0.46765215503138713
L2,demo_328,656,3.203839,0.023593595,0.9285252,0.028126836,0.21855545,0.47214603,0.002134639993955946
L2,demo_329,641,3.0227845,0.023600759,0.8864881,0.05080843,0.17351389,0.38048458,0.7145097530145122
L2,demo_33,632,3.0617497,0.0235954,0.9002867,0.042634368,0.1697731,0.50958484,-0.7145911104349106
L2,demo_330,679,3.221058,0.02321286,0.94569254,-0.0501889,0.25622535,0.45914376,0.39444043461623984
L2,demo_331,663,3.3329945,0.023866463,0.8598728,-0.007545233,0.21693611,0.50167567,-0.06537508132999427
L2,demo_332,656,3.3483748,0.024485778,0.87688327,0.055577517,0.18334627,0.522423,-0.5933782785383384
L2,demo_333,656,3.2720635,0.024699403,0.86103916,0.054967523,0.21628428,0.50654525,-0.35643317072016734
L2,demo_334,674,3.2455263,0.023586504,0.91769487,-0.059589386,0.20481431,0.53936195,-0.7425609785640609
L2,demo_335,721,3.334936,0.02369816,0.91308904,-0.05688882,0.16180348,0.4936216,-0.5121589299680387
L2,demo_336,641,3.1924796,0.024608638,0.8907409,0.037293315,0.16452348,0.36989212,0.06328976793047512
L2,demo_337,700,3.7345872,0.024540186,0.86826897,-0.03494203,0.2496686,0.5093169,-0.6943667091926229
L2,demo_338,700,3.4218023,0.023670657,0.88379526,-0.039063334,0.1731112,0.37251425,-0.01190142489697915
L2,demo_339,623,3.004407,0.024238635,0.8898825,0.031447172,0.22213411,0.42253888,-0.7298682579985724
L2,demo_34,743,3.323792,0.02381431,0.9146106,-0.012674212,0.25098562,0.44588816,-0.5504457305475914
L2,demo_340,714,3.393835,0.02404812,0.9219911,-0.026734471,0.24843574,0.40007842,-0.036553192588162114
L2,demo_341,724,3.6307116,0.023933016,0.91970634,0.025768995,0.22233725,0.3925699,0.07555731666306434
L2,demo_342,724,3.8265674,0.024517063,0.9221154,-0.039720774,0.1788603,0.5014236,-0.5487234544631744
L2,demo_343,700,3.5912435,0.0238126,0.8898215,-0.046709657,0.17208242,0.5227176,-0.3367224406670297
L2,demo_344,714,3.3381515,0.024298381,0.8912611,-0.0387882,0.17650938,0.37090945,0.19899763964508407
L2,demo_345,740,3.3300319,0.023727855,0.88391906,-0.030909538,0.16401803,0.51855016,-0.3265673450954983
L2,demo_346,663,3.150147,0.023372024,0.9190688,0.017353415,0.20280647,0.49124563,0.20795306188885002
L2,demo_347,663,3.114295,0.023351775,0.89898515,-0.030913472,0.21770918,0.38317823,0.36090630087225056
L2,demo_348,700,3.297266,0.023618843,0.9317961,-0.049306035,0.19584918,0.38253665,0.6151743677178577
L2,demo_349,679,3.5706453,0.024031295,0.92931795,0.059741497,0.23316717,0.51272327,-0.5118855392761568
L2,demo_35,656,3.2427025,0.02367574,0.90893316,0.04211557,0.20151305,0.5397761,0.11589032659144878
L2,demo_350,699,3.191803,0.023130361,0.90282786,-0.031241536,0.21775877,0.447124,-0.3855399146996934
L2,demo_351,618,2.8782306,0.023665868,0.9104297,-0.0101156235,0.17051685,0.42965877,-0.6880426959111435
L2,demo_352,700,3.5003366,0.024424603,0.8998809,-0.05346036,0.2591505,0.36752748,-0.03772188817609912
L2,demo_353,724,3.6841154,0.024357105,0.923743,0.0046430826,0.21790838,0.4293325,-0.23656616814512965
L2,demo_354,663,3.1294446,0.023617947,0.9286762,0.03715074,0.22275937,0.5324352,0.26619054198225567
L2,demo_355,699,3.3558679,0.023456296,0.9424238,-0.028866053,0.1811862,0.45558274,-0.47983268723817474
L2,demo_356,700,3.3374672,0.023931472,0.85300803,-0.008152723,0.21651316,0.43131077,0.1782688681222826
L2,demo_357,641,3.3784485,0.024820423,0.8604629,0.005517006,0.21053696,0.47408473,-0.44681080256881717
L2,demo_358,679,3.5122323,0.024518834,0.89157724,-0.04103148,0.19834471,0.53234303,0.1654004317139426
L2,demo_359,714,3.4341073,0.024126796,0.8753314,-0.03893578,0.17228842,0.3908558,-0.11154754498083055
L2,demo_36,663,3.0414178,0.023372723,0.85143805,0.0482651,0.21827269,0.4472866,0.00012462327172642072
L2,demo_360,742,3.415598,0.023449652,0.8862505,-0.007824063,0.2554803,0.47857678,-0.5206251343533271
L2,demo_361,623,2.9057302,0.023352526,0.9157922,0.054608464,0.16989565,0.4370253,0.030263571149310595
L2,demo_362,714,3.2767806,0.023224337,0.8976865,-0.02016735,0.20500386,0.50975674,0.3276606186967121
L2,demo_363,623,2.9231749,0.02425564,0.8577337,0.04476452,0.2171278,0.48627758,-0.454278231854083
L2,demo_364,679,3.4284618,0.024589645,0.9420006,-0.021591306,0.18516779,0.53754854,0.20199011844568243
L2,demo_365,724,3.6967964,0.024175527,0.90064335,0.036945343,0.20285273,0.39960957,-0.3956962392818641
L2,demo_366,656,3.2150004,0.024253784,0.94567394,0.03494358,0.25924063,0.4104861,-0.40489916958433686
L2,demo_367,663,3.1832008,0.023134314,0.8687229,0.023763657,0.21881866,0.47918844,0.04121670261095468
L2,demo_368,714,3.3534305,0.023908444,0.88364816,-0.058219433,0.23055172,0.45619893,0.1671967225929123
L2,demo_369,641,2.9877486,0.023522142,0.8730409,0.04592526,0.16545558,0.51531804,0.3415374576827621
L2,demo_37,674,3.1176338,0.024073835,0.8815479,0.029973507,0.24729156,0.43642426,-0.5808285376577497
L2,demo_370,699,3.4800663,0.02432303,0.91040623,0.029898763,0.1991725,0.48741186,-0.7579919266373778
L2,demo_371,724,3.9039733,0.024770457,0.9154613,0.026538968,0.18951035,0.52581555,-0.746633626298925
L2,demo_372,623,2.9230816,0.023847071,0.89455914,0.03458023,0.21421432,0.5119016,-0.3595330586880848
L2,demo_373,679,3.387723,0.02425392,0.93333197,0.007992744,0.22898006,0.4714328,-0.15682151254792306
L2,demo_374,679,3.2266693,0.023753686,0.8759661,0.010689974,0.1890974,0.44263566,0.5010385121584298
L2,demo_375,724,3.5423672,0.024355933,0.9228797,-0.05842173,0.1837666,0.366148,-0.003314807562284916
L2,demo_376,679,3.7552383,0.024427157,0.9140918,-0.01666081,0.18168092,0.53529215,-0.5215717788247676
L2,demo_377,618,2.8778915,0.023367371,0.85802174,-0.0090698,0.18266988,0.42103362,-0.6071602673315625
L2,demo_378,679,3.5119958,0.023205528,0.94298553,0.016316295,0.16799545,0.40115273,0.26692812260922066
L2,demo_379,641,3.2181466,0.02403275,0.89665604,0.02893281,0.18072987,0.52724195,0.1329689944913957
L2,demo_38,714,4.036194,0.025005374,0.90867233,-0.04530716,0.19349241,0.53352284,-0.7703173868538773
L2,demo_380,724,3.3843808,0.02397633,0.9206531,0.008993149,0.24161959,0.4690584,0.32611676588197286
L2,demo_381,656,3.4721577,0.024364922,0.92698646,0.04880917,0.17666817,0.5232451,-0.6230477585002787
L2,demo_382,632,3.060165,0.023920245,0.9378395,0.01529479,0.22679996,0.48896265,-0.6650360331242305
L2,demo_383,656,3.106808,0.023155136,0.9422777,0.05639565,0.2218337,0.44936264,-0.04602432694148075
L2,demo_384,663,3.3906803,0.024324445,0.8731501,-0.013429046,0.1616559,0.5033984,-0.09332131887598621
L2,demo_385,663,3.1590676,0.023875067,0.934123,0.0098570585,0.25367677,0.37803233,-0.4102374700706284
L2,demo_386,724,3.4628239,0.023282057,0.93226385,-0.0085475445,0.16207361,0.4394046,0.29867808443575367
L2,demo_387,623,2.9778945,0.02392213,0.9023149,0.05179274,0.23323154,0.41023493,-0.6992072964495762
L2,demo_388,679,3.5835738,0.023546115,0.9405053,-0.0086705685,0.18594444,0.5373122,0.3311158036125098
L2,demo_389,724,3.559507,0.024318075,0.93583584,-0.021542668,0.23538256,0.3888793,0.19684648744899674
L2,demo_39,679,3.6039948,0.024126422,0.9175637,0.0029340982,0.1910243,0.46882892,-0.420534218948304
L2,demo_390,663,3.3249733,0.024754858,0.89808726,0.007798791,0.21694946,0.44135618,-0.48543910701262544
L2,demo_391,679,3.2714396,0.023937596,0.9183569,0.022249818,0.17598629,0.3862964,0.7627051959946793
L2,demo_392,724,3.8060713,0.024405438,0.94151556,0.005036831,0.19933641,0.5171953,-0.6778321555121289
L2,demo_393,674,3.2506216,0.024266291,0.89913464,-0.023973703,0.2179842,0.43200183,-0.4531762914215077
L2,demo_394,623,3.0051599,0.024517914,0.85224605,0.056962967,0.2253406,0.52137136,-0.6453995655722984
L2,demo_395,700,3.3757029,0.023991935,0.8767595,0.04374957,0.24260855,0.47592127,0.37715221516686676
L2,demo_396,641,2.977172,0.023808433,0.9021736,-0.015504122,0.21318042,0.4538424,0.5963609617271018
L2,demo_397,618,2.8705492,0.0231671,0.86451054,-0.010568142,0.18376493,0.4516902,-0.6380755484360334
L2,demo_398,674,3.160921,0.023949096,0.9117031,-0.055149674,0.22112274,0.4923017,-0.7597785061360162
L2,demo_399,641,3.1548886,0.02402059,0.8609743,-0.05382359,0.1964482,0.48672748,0.11456768275318555
L2,demo_4,714,3.7801824,0.024452684,0.94104815,-0.05618882,0.24407184,0.49431324,-0.5371017722022091
L2,demo_40,714,3.2807932,0.023692098,0.9242048,-0.023227215,0.24703646,0.3975414,0.22833558761317618
L2,demo_41,699,3.3930516,0.023713995,0.8894677,-0.03478217,0.16014624,0.48680472,-0.7360366149106194
L2,demo_42,641,3.2101662,0.023752501,0.9011328,-0.044432998,0.16617966,0.4917115,0.05957623080716569
L2,demo_43,632,2.9783244,0.023857238,0.90553284,-0.005684018,0.2240138,0.4970677,-0.6314850537177634
L2,demo_44,656,3.1988642,0.023914168,0.9377361,0.04929948,0.2485466,0.4558084,-0.20324501631557093
L2,demo_45,724,3.4964218,0.023488838,0.94163775,0.04137504,0.25851274,0.49070644,0.012161213780471053
L2,demo_46,700,3.7043624,0.024183074,0.87101674,-0.030363679,0.16494536,0.5295279,-0.5723369257301278
L2,demo_47,641,3.2876635,0.024241237,0.90808344,-0.0030027628,0.18052149,0.49733937,-0.21527557891217367
L2,demo_48,679,3.3263192,0.0236196,0.9485299,-0.057846308,0.19667721,0.46064854,0.3791899264065686
L2,demo_49,724,3.5830202,0.024000263,0.9069979,0.023950934,0.1613226,0.4594798,0.13919855417527982
L2,demo_5,623,2.9196343,0.023409048,0.9098165,0.045799494,0.24345922,0.43361378,-0.5176088923011286
L2,demo_50,663,3.3753283,0.024619756,0.89579844,0.0062549114,0.23874998,0.4108565,-0.5980724017415552
L2,demo_51,641,3.374809,0.02501347,0.8943386,-0.038161516,0.25756168,0.4409939,-0.5125686251365741
L2,demo_52,623,2.9709127,0.023948167,0.8645954,0.056549788,0.2053994,0.5178917,-0.5468254581615718
L2,demo_53,740,3.4648032,0.02403875,0.8874531,-0.021402597,0.23407984,0.41455734,-0.5115914359451417
L2,demo_54,679,3.262657,0.024111658,0.90922904,-0.004489064,0.18410206,0.396029,0.6363224007648787
L2,demo_55,714,3.5262942,0.024423782,0.92597294,-0.02060628,0.22606754,0.4335909,-0.4323743885595483
L2,demo_56,674,3.2280245,0.023914276,0.889744,0.023833036,0.2559905,0.4687605,-0.6815664091590815
L2,demo_57,679,3.5565162,0.024679212,0.94682264,-0.045619488,0.2393744,0.48640752,-0.5115827968166485
L2,demo_58,623,3.088681,0.024219366,0.9297285,0.037610292,0.23186302,0.5389311,-0.5609341401552052
L2,demo_59,740,3.5452635,0.023818599,0.8735018,-0.00036597252,0.21648121,0.38569856,-0.23778922311307546
L2,demo_6,663,3.323669,0.024399426,0.9045286,0.055793405,0.21725798,0.41602528,-0.7836737452636932
L2,demo_60,714,3.2105715,0.023085875,0.9102695,-0.048375726,0.21449018,0.43382192,0.36702641186370427
L2,demo_61,714,3.4438028,0.02389755,0.9411192,-0.03186345,0.19920349,0.36736095,-0.09751818505762865
L2,demo_62,663,3.3888817,0.024604887,0.9009966,0.019042373,0.2196871,0.44593275,-0.5528980972438865
L2,demo_63,623,2.9458416,0.023265688,0.9161039,0.049250245,0.2403084,0.43314147,-0.580984324840952
L2,demo_64,721,3.4139328,0.023490015,0.8771415,0.011451006,0.17530298,0.48855627,-0.7465567780927456
L2,demo_65,679,3.3154614,0.023717951,0.9011519,0.035291553,0.212358,0.48865402,-0.06568712577679223
L2,demo_66,641,3.106039,0.024455965,0.8679943,-0.0024852753,0.16516733,0.41708803,0.3582253479800091
L2,demo_67,724,3.6643157,0.024016174,0.94698787,0.019514441,0.21122122,0.42616272,-0.08937566016336669
L2,demo_68,724,3.5830264,0.023723604,0.9441771,-0.01729691,0.17062569,0.48363817,-0.12640802334364018
L2,demo_69,656,3.2370324,0.024000287,0.90894127,0.032087445,0.2315979,0.49131763,-0.3850576049588896
L2,demo_7,663,3.3913374,0.023777453,0.8942313,-0.006053686,0.20922995,0.47658026,-0.34913462289164127
L2,demo_70,714,3.3983204,0.0235956,0.94933844,-0.032162666,0.22200823,0.3892604,0.27224067504741256
L2,demo_71,679,3.625832,0.024348095,0.94363546,-0.013311148,0.20273852,0.48765278,-0.5481590044554489
L2,demo_72,699,3.312715,0.023736328,0.85528445,0.055466056,0.2175895,0.53471994,-0.6050959961382609
L2,demo_73,656,3.13094,0.023847232,0.91718054,0.0355103,0.16415262,0.37438774,0.2473733201498563
L2,demo_74,699,3.2874887,0.023643361,0.8847017,0.044555545,0.16904306,0.5039133,-0.5617355347132462
L2,demo_75,724,3.578213,0.024291767,0.90947145,0.054058313,0.24480534,0.43619478,0.13663998758918577
L2,demo_76,679,3.4727468,0.023523446,0.92459726,0.036498547,0.17649555,0.36700082,0.2511769265112336
L2,demo_77,724,3.6277719,0.024202125,0.9154309,0.03363347,0.1672225,0.47511148,-0.3423941056099162
L2,demo_78,674,3.2086878,0.023574099,0.8760071,-0.049763918,0.18973017,0.36970556,-0.7188325130190844
L2,demo_79,641,3.2159634,0.023782853,0.889925,-0.05880785,0.17619467,0.4854269,0.22108366211097794
L2,demo_8,724,3.4616,0.024093827,0.9473616,0.005445242,0.19832563,0.41112852,0.38820640714501614
L2,demo_80,699,3.2142305,0.023829717,0.9219589,0.052694917,0.22174168,0.41158593,-0.5453243985330186
L2,demo_81,663,3.3625848,0.024293222,0.88836575,0.022335768,0.2409786,0.51594883,-0.4957573921158089
L2,demo_82,656,3.0605748,0.023045527,0.9003644,0.021584392,0.16049051,0.41138327,0.28012832830987505
L2,demo_83,679,3.441874,0.023966726,0.9490044,0.043557644,0.17562342,0.39617646,0.1711794060643972
L2,demo_84,641,3.1617126,0.0240778,0.8782673,0.039877176,0.24369907,0.44859552,-0.2998948205014018
L2,demo_85,679,3.2412567,0.02310504,0.9153147,-0.0360322,0.24411869,0.39212608,0.30184644717512904
L2,demo_86,632,2.9297276,0.023196453,0.8640187,0.052360415,0.20002711,0.5113728,-0.45283114656049633
L2,demo_87,656,3.1641626,0.023786843,0.8856056,0.040082455,0.19066954,0.3911922,-0.26694678475491374
L2,demo_88,724,3.4873445,0.023401063,0.92179155,-0.030011296,0.18699694,0.518942,-0.12683126686205415
L2,demo_89,641,2.983961,0.023889458,0.87481976,0.0021531582,0.2381134,0.48754895,0.6080050652651324
L2,demo_9,641,3.1464076,0.024004698,0.9010281,0.029369712,0.21071637,0.5303029,0.1648404738513414
L2,demo_90,699,3.3015902,0.023632951,0.88500816,0.054540038,0.17543447,0.38389468,-0.4799259120219001
L2,demo_91,641,3.0256052,0.024553547,0.8722489,0.04225576,0.2502513,0.41946805,0.08827284364584088
L2,demo_92,656,3.0906725,0.023923118,0.94257784,0.013278484,0.1851697,0.4305694,0.15485771678886762
L2,demo_93,656,3.118748,0.023830853,0.92053056,0.013924241,0.18657339,0.46608877,0.10970351924009157
L2,demo_94,743,3.5241704,0.02421209,0.88325787,0.027717233,0.16424465,0.37118506,-0.29611887957901517
L2,demo_95,679,3.611427,0.024587011,0.88002205,0.054662704,0.17199028,0.5316132,-0.4575504026633327
L2,demo_96,618,3.0888655,0.024038631,0.91307974,-0.030524611,0.18960714,0.5152273,-0.45463977585235527
L2,demo_97,641,3.0226252,0.023840249,0.88947076,0.041254282,0.18683672,0.44882727,0.34933811777706164
L2,demo_98,679,3.3844101,0.023589114,0.887949,0.035606742,0.17498064,0.49356627,0.0850394884157403
L2,demo_99,632,3.1647043,0.02405973,0.89511776,-0.018702626,0.2519493,0.5372744,-0.7290679011573403
