demo,cab_x,cab_y,cab_yaw,obj_x,obj_y,obj_yaw,cab_yaw_dev
demo_0,0.93787193,-0.055449963,3.056187151045851,0.24677801,0.5352795,-0.2403185057446317,0.08540550254394219
demo_1,0.8558786,-0.0241673,-3.048379013640441,0.19103622,0.5290719,-0.7716860015178237,0.09321363994935217
demo_10,0.9206691,0.041255116,3.093890187287788,0.2031765,0.49708676,-0.5249616536256412,0.04770246630200514
demo_100,0.931628,-0.057083607,3.04396319372737,0.21742201,0.3629669,0.13415743554494608,0.09762945986242322
demo_101,0.9327693,-0.0033544302,3.1342847348834044,0.18505502,0.4736333,0.4454556684992472,0.007307918706388694
demo_102,0.9181487,-0.007661581,3.1098775874629094,0.2553389,0.40938234,-0.1722027130170848,0.031715066126883684
demo_103,0.91276693,0.020803452,-3.117477479116037,0.22798538,0.52219033,0.2121501052054249,0.024115174473755996
demo_104,0.86479473,-0.04719901,-3.122937503344477,0.20990658,0.5259795,-0.41453821465763135,0.018655150245316054
demo_105,0.9140005,-0.048266053,3.0135924876509703,0.18938684,0.44448245,0.07556308488543041,0.1280001659388228
demo_106,0.85667324,-0.05488646,-3.0588417638874286,0.24801505,0.4671986,-0.4653738300592507,0.08275088970236455
demo_107,0.9485998,-0.056556225,3.0542075567733713,0.23437929,0.4535253,0.6442893989963253,0.08738509681642181
demo_108,0.9383421,0.05747688,-3.137589041109684,0.23688126,0.39146388,-0.22597391748272624,0.004003612480109275
demo_109,0.86327887,-0.002665639,-3.1214130562160527,0.22052431,0.41294992,-0.5573981450991945,0.02017959737374042
demo_11,0.94730496,-0.006770849,3.079708572563677,0.21265924,0.3849516,0.3946607925431688,0.06188408102611609
demo_110,0.8769784,0.01402545,3.0798947851965486,0.23194492,0.44268847,-0.27944198611551285,0.06169786839324454
demo_111,0.87074614,0.05376804,3.1320891384720744,0.20697272,0.43689775,-0.697800430477866,0.009503515117718742
demo_112,0.86039734,-0.013974071,-3.0360150871935336,0.1668477,0.40829575,-0.659239238506647,0.10557756639625948
demo_113,0.9267806,-0.005450964,-3.023711256725677,0.19573748,0.424222,-0.5268463319905682,0.11788139686411592
demo_114,0.89399815,-0.021526575,-3.1211472175413393,0.2570846,0.53006434,-0.07504207120043584,0.020445436048453836
demo_115,0.9248488,0.03432226,3.1281139855926465,0.2214309,0.5159332,-0.2947901906659249,0.013478667997146587
demo_116,0.8827257,-0.054920197,3.136971950547793,0.23219681,0.52483606,-0.23343633640020586,0.00462070304200024
demo_117,0.9097961,0.051100373,3.046066037390447,0.2528193,0.44466949,-0.5744019533625105,0.09552661619934621
demo_118,0.8998947,0.03054583,3.0521655027245105,0.17188549,0.41720235,-0.13250489572631374,0.08942715086528263
demo_119,0.94215965,-0.02873826,3.05592346617745,0.18595743,0.43321633,-0.6568499689909681,0.0856691874123432
demo_12,0.87088895,-0.03507495,-3.0556164352291186,0.21231985,0.4262774,0.2403151840151764,0.08597621836067448
demo_120,0.91617346,0.041349173,3.130745172071881,0.16532707,0.4602393,0.08981935628376349,0.01084748151791226
demo_121,0.92002714,-0.0022079945,-3.07653003723156,0.21436715,0.36562562,0.6035478024999177,0.06506261635823307
demo_122,0.94037175,0.05360639,3.067681318006011,0.18228614,0.46973085,-0.6341178097536098,0.07391133558378193
demo_123,0.90420055,-0.05830443,3.0937972003759495,0.2041502,0.5102682,-0.2036263049294148,0.0477954532138436
demo_124,0.8529251,-0.03198707,-3.134055201134567,0.21490121,0.45181775,0.32890630577711816,0.007537452455226301
demo_125,0.87183523,0.019066095,-3.1190543818866203,0.20153427,0.42830896,-0.4587618364131737,0.022538271703172796
demo_126,0.9407142,-0.038069606,3.074603798824577,0.230461,0.4916674,0.48091278927897474,0.06698885476521621
demo_127,0.8732357,-0.042839766,-3.131108108556072,0.22769165,0.46992946,-0.1976857588703006,0.010484545033721204
demo_128,0.9296508,-0.023208141,3.092554328363108,0.21869993,0.5374554,0.3509648401975853,0.04903832522668505
demo_129,0.94064736,0.043822408,3.071252823661373,0.20801973,0.47193503,0.4096312018756911,0.07033982992841992
demo_13,0.9494395,-0.05445385,3.1112110594950204,0.21802521,0.5253912,-0.5459313055350328,0.0303815940947727
demo_130,0.85445356,0.0045633316,-3.1228464276697805,0.2521577,0.40628767,-0.7317578883501905,0.018746225920012627
demo_131,0.8612574,-0.015084624,-3.1355195683566905,0.16939867,0.41730404,0.09684604351292937,0.006073085233102571
demo_132,0.91908026,-0.020327449,-3.070914565913591,0.24850655,0.42707384,-0.5781137764296321,0.07067808767620232
demo_133,0.9077852,-0.007708907,-3.0963023321676926,0.18537927,0.482754,-0.18616303201401738,0.04529032142210054
demo_134,0.8824717,0.025757909,3.1287829879453852,0.17119455,0.49768078,-0.3102092808573008,0.012809665644407886
demo_135,0.9144537,0.016961098,3.1117925663185675,0.16155684,0.48180223,-0.6165769088270211,0.029800087271225628
demo_136,0.92716384,0.04935074,3.1172103866688,0.16257071,0.41053236,0.4347226485597476,0.02438226692099299
demo_137,0.9314556,0.033826113,3.1018183192753814,0.19422865,0.4040643,-0.5423722843078804,0.039774334314411686
demo_138,0.8570514,0.04278791,3.0686719443109465,0.23739529,0.38906455,0.5747074972145327,0.07292070927884664
demo_139,0.868217,0.019031644,-3.0280302083176003,0.17612684,0.40039587,-0.7076837337169234,0.11356244527219284
demo_14,0.91310644,0.056351423,-3.028449603959527,0.21904957,0.42293072,-0.6895366807717942,0.11314304963026611
demo_140,0.92776203,0.004057884,3.037305121716745,0.2039957,0.47370887,0.4017280251917736,0.10428753187304807
demo_141,0.9227176,-0.0048383474,3.061282635647589,0.19213808,0.5243757,-0.3943754738679392,0.08031001794220405
demo_142,0.92840385,-0.034557104,3.0871908681409868,0.17153311,0.51047325,-0.5560537518655055,0.05440178544880636
demo_143,0.90795994,0.012959957,3.064115528820312,0.22241879,0.50316024,0.2482312779509994,0.07747712476948099
demo_144,0.9416151,-0.019016504,3.0541498662574678,0.16610003,0.48648334,-0.5433092432975382,0.08744278733232536
demo_145,0.8696523,0.039260864,3.027093889246991,0.221488,0.38959765,-0.7833894200101595,0.11449876434280215
demo_146,0.90164113,-0.0045500994,-3.122712436508104,0.179209,0.5368099,0.7031763979253933,0.0188802170816893
demo_147,0.8668375,0.009098411,-3.1395621934142044,0.23643827,0.52690506,0.44553933536682233,0.002030460175588722
demo_148,0.94776136,0.007009268,3.087873462598041,0.21257854,0.3711424,0.006392359790492061,0.053719190991752264
demo_149,0.8969917,0.03931284,-3.138117854220731,0.16818905,0.45138526,-0.7260587253351736,0.0034747993690622536
demo_15,0.9232607,-0.022415161,-3.049068984642834,0.19037437,0.43646944,-0.2532985568347499,0.09252366894695907
demo_150,0.933269,-0.015432119,-3.0869386845220137,0.17751896,0.48029625,-0.4818516007159662,0.05465396906777942
demo_151,0.8838885,0.0030686855,3.085842604463562,0.21166718,0.41808367,-0.5467306149842992,0.05575004912623127
demo_152,0.87943554,0.054119825,-3.0367689758953045,0.21770573,0.45073557,-0.0007542502400616816,0.10482367769448864
demo_153,0.897212,-0.01864791,-3.0579367373360054,0.2407291,0.3971417,-0.6913780382975336,0.08365591625378777
demo_154,0.9493756,-0.033430815,3.1095628763743375,0.16515541,0.36919928,0.393225270141437,0.032029777215455635
demo_155,0.8911861,0.040697455,3.0357248884499475,0.22947705,0.42515016,0.09049654199698635,0.10586776513984564
demo_156,0.85075665,-0.026514173,3.1221656816806997,0.19691086,0.48106587,0.38267659795830844,0.01942697190909337
demo_157,0.9097347,0.009929419,3.109920735022879,0.21697664,0.42816496,-0.5651043331607659,0.031671918566914314
demo_158,0.90385103,-0.024232626,3.102650643817336,0.19964921,0.5075247,0.6628010975867784,0.0389420097724571
demo_159,0.8906883,0.051928163,-3.11256152955211,0.16080904,0.5038307,-0.3648581574234842,0.029031124037683043
demo_16,0.93316174,-0.025040865,3.0369114813361264,0.19453788,0.46348298,-0.2925692338087556,0.10468117225366669
demo_160,0.9420658,-0.03530085,3.041453610203964,0.22739029,0.3692541,0.18250388307466758,0.10013904338582913
demo_161,0.87136745,-0.057731867,3.107241148315039,0.19335413,0.38723123,-0.27665567587077533,0.03435150527475406
demo_162,0.89015484,0.04715705,3.0149943813165425,0.20464873,0.36957836,0.08056266732531,0.1265982722732506
demo_163,0.9205003,0.059898734,-3.077945768703107,0.21040475,0.40048432,0.2443020991970207,0.06364688488668602
demo_164,0.89114434,0.050787926,-3.1006262986940687,0.24775434,0.5086198,-0.7521375822288721,0.04096635489572442
demo_165,0.94143105,-0.05469668,-3.0721092833658608,0.17930055,0.46310115,0.10618487652756502,0.06948337022393236
demo_166,0.93614674,-0.022297263,-3.0996981281141425,0.16231298,0.4461168,-0.22147818266795502,0.041894525475650646
demo_167,0.8863888,0.055054307,-3.0838468702985877,0.21023607,0.368878,0.22574218589270387,0.05774578329120539
demo_168,0.9436953,0.04225135,-3.1159442078187864,0.17495728,0.48603106,-0.6724211722110872,0.025648445771006667
demo_169,0.9436743,0.05716622,3.1089394060413924,0.24878645,0.4974047,-0.31093655881452675,0.03265324754840071
demo_17,0.9283948,0.024349928,-3.1042824465528116,0.20025742,0.44362283,-0.5520826972824946,0.03731020703698151
demo_170,0.91254425,-0.05874145,3.0193407611078413,0.23316956,0.4834156,-0.7427956856297565,0.12225189248195178
demo_171,0.91529447,-0.005869627,-3.0859590282740794,0.1677388,0.4906807,-0.11053903837186238,0.0556336253157137
demo_172,0.8891516,0.015243769,3.0381488750187677,0.23658228,0.45824003,0.3814578605115172,0.10344377857102538
demo_173,0.8657098,0.043338776,-3.11802584244068,0.18138838,0.47226214,-0.5949160006279112,0.023566811149112965
demo_174,0.85442686,0.022479415,-3.0566895613423806,0.22816098,0.52945393,-0.6041011078403866,0.08490309224741255
demo_175,0.90586567,-0.030347109,3.0969257341511565,0.23974419,0.5149499,0.5604637457704567,0.044666919438636654
demo_176,0.8813112,0.033023596,3.1135325439284256,0.19176209,0.5089979,-0.5409583564016935,0.028060109661367516
demo_177,0.9404292,-0.013155818,3.0626132487327147,0.20731115,0.53577256,0.01882739647108697,0.07897940485707844
demo_178,0.92100096,-0.028366446,-3.0465126645287404,0.24123192,0.40061235,-0.1770505005733263,0.09507998906105275
demo_179,0.8746505,-0.04493308,3.1077766424601627,0.2484417,0.40961528,0.16660233825382495,0.0338160111296304
demo_18,0.93987477,0.05101967,-3.0646567962961537,0.19726324,0.49488544,-0.6020801611780069,0.07693585729363939
demo_180,0.8644879,0.023707509,-3.075073300205255,0.236521,0.42606258,-0.6223135411067362,0.06651935338453807
demo_181,0.85810876,-0.039390564,-3.1342766922505803,0.21696448,0.3934201,-0.4970629045981079,0.007315961339212862
demo_182,0.8991003,0.053022146,-3.139793221068054,0.24801219,0.51334524,-0.7604702631535781,0.001799432521738975
demo_183,0.94011825,0.0036838055,3.126080273711994,0.21798587,0.5255102,-0.47663950395751864,0.015512379877799187
demo_184,0.9189222,-0.0035943985,3.0950355482751553,0.24440515,0.49380112,-0.1253304261428443,0.04655710531463786
demo_185,0.9023657,-0.0098439455,-3.1060822695839594,0.21129894,0.50560015,0.13205207225912355,0.03551038400583373
demo_186,0.9018457,0.005510688,-3.1297028707324133,0.22119522,0.5391554,0.324623638304109,0.01188978285737985
demo_187,0.9499936,-0.03931117,3.075920107256715,0.18088937,0.45255232,0.5564478544737725,0.06567254633307806
demo_188,0.9287157,0.039453506,-3.09369093491031,0.17391348,0.49751687,-0.26492074669377624,0.04790171867948301
demo_189,0.88851714,-0.057913184,-3.0546942314408643,0.25358188,0.4046911,-0.5437715150043037,0.08689842214892884
demo_19,0.91913205,-0.007979631,3.139350652395687,0.25714946,0.48891234,-0.4251114486920968,0.0022420011941060025
demo_190,0.8577001,-0.03708589,-3.0908451701100446,0.24501562,0.4261322,0.16130025258491812,0.050747483479748556
demo_191,0.935503,0.05966735,3.1219663612068254,0.20124793,0.47888267,0.20900419477592366,0.019626292382967758
demo_192,0.94425374,-0.00844264,3.0728850415654754,0.19538736,0.5083103,-0.5223921205308916,0.06870761202431774
demo_193,0.8767514,0.00114429,3.0844023182622196,0.17163134,0.4808023,-0.018900146902758007,0.05719033532757356
demo_194,0.924736,-0.015169263,-3.1082516398357454,0.16910505,0.5261581,-0.23310037263953046,0.033341013754047744
demo_195,0.85022694,-0.043339968,-3.074616012008179,0.17295432,0.44503617,0.38748434604723225,0.06697664158161398
demo_196,0.910727,0.019683242,-3.077786988228812,0.19732141,0.44630194,-0.25918872126392406,0.06380566536098131
demo_197,0.885499,0.004840851,-3.1064136701841707,0.23608851,0.4656005,-0.48979229457266443,0.03517898340562242
demo_198,0.8959527,-0.020273447,3.071751601111295,0.20184088,0.4476614,-0.7597108265190213,0.06984105247849826
demo_199,0.91203314,-0.05987048,3.064742568453625,0.20719826,0.40797257,-0.17325808387246544,0.0768500851361682
demo_2,0.87057614,0.020898342,-3.0984438165607946,0.18960726,0.44996405,-0.756594003564332,0.04314883702899852
demo_20,0.91941714,0.00417161,-3.103875941877859,0.24119544,0.5204716,-0.5841620801158707,0.037716711711933915
demo_200,0.94902086,0.036744952,3.1243643768807927,0.1600995,0.38143623,0.24753318360284468,0.0172282767090004
demo_201,0.86922956,0.045906663,-3.099612297902061,0.17542171,0.51073647,-0.62909659448906,0.041980355687732285
demo_202,0.9494717,-0.01275599,3.0754451835123278,0.22052789,0.39021432,0.2194931438240243,0.06614747007746535
demo_203,0.8936367,0.03390777,-3.12116009243877,0.18840933,0.3941182,-0.00584417515488805,0.020432561151022988
demo_204,0.9122577,0.003653884,3.049348601712721,0.1757493,0.47506702,-0.47561534016035434,0.09224405187707196
demo_205,0.8530979,-0.030767798,-3.1287344129315704,0.2035265,0.36629748,0.11190742661728922,0.01285824065822272
demo_206,0.94735074,0.022888303,3.08745193166827,0.17071629,0.50242186,0.14840239746151607,0.054140721921523305
demo_207,0.93438053,0.048270583,3.069635634340153,0.2363429,0.43451226,-0.09675613183251369,0.07195701924963993
demo_208,0.92239654,-0.012807846,3.0941872567637123,0.18179071,0.484918,-0.7388724792696082,0.0474053968260808
demo_209,0.9303763,-0.05791986,-3.099086587917126,0.25928116,0.45644355,-0.6213692354440925,0.04250606567266724
demo_21,0.8504238,-0.057593822,3.069965367571403,0.22806883,0.53729856,-0.7486941410023817,0.07162728601839019
demo_210,0.92047024,-0.024821043,3.125001431151621,0.16852641,0.46610475,0.2723311296392038,0.016591222438171904
demo_211,0.89651394,-0.016630411,3.0512323477899352,0.2508955,0.516191,0.27986249807705105,0.09036030579985788
demo_212,0.9166918,-0.04518938,3.047471518653284,0.21608031,0.45277393,-0.5304893043242171,0.09412113493650898
demo_213,0.8857064,0.023167968,3.0784482991264666,0.20438099,0.47736096,0.46887260031747807,0.06314435446332656
demo_214,0.9057369,-0.046597242,3.0289187458824944,0.16344786,0.47396302,0.3154038038115994,0.11267390770729868
demo_215,0.859616,0.0053440332,-3.066366503589977,0.25363111,0.525208,-0.7348790067460824,0.07522614999981592
demo_216,0.9466095,-0.02173376,3.1348259451810074,0.20774412,0.4785576,-0.5192110804116923,0.006766708408785682
demo_217,0.93490744,0.03371501,-3.108607116023448,0.22701597,0.49357414,-0.6581530749287188,0.03298553756634526
demo_218,0.87828827,0.023542523,-3.0576546880631557,0.21552849,0.39711428,-0.479562675871441,0.08393796552663746
demo_219,0.88093257,0.034440637,3.0662055069388208,0.19652891,0.5129082,-0.6858582968696201,0.07538714665097235
demo_22,0.93035626,0.016943097,3.116935014400635,0.2279005,0.47171474,-0.1667799661719168,0.024657639189157976
demo_220,0.92594576,-0.04421842,-3.119690481662516,0.2055974,0.39592087,0.3198785961889987,0.02190217192727717
demo_221,0.90880656,0.017869115,3.119826315856071,0.20678818,0.50207967,-0.5117797068170881,0.021766337733722274
demo_222,0.91090137,0.04920578,3.058064695750813,0.2344476,0.39154673,0.023951480936846722,0.08352795783898026
demo_223,0.9394064,-0.030128956,3.126382827897887,0.22769761,0.39415097,0.5541226135545293,0.015209825691905987
demo_224,0.88617325,0.029030561,-3.0497103350670045,0.20655155,0.46292877,-0.7218657410878512,0.09188231852278861
demo_225,0.86449957,-0.03072846,-3.1099856547863767,0.19297695,0.4873786,-0.5604958234852133,0.03160699880341644
demo_226,0.8874476,-0.03927827,3.0771353339058267,0.20655394,0.46723711,-0.5663104318665833,0.0644573196839664
demo_227,0.94261336,0.008742332,-3.1105318710734116,0.23607588,0.37942302,-0.6375516323620877,0.031060782516381558
demo_228,0.87829685,-0.026067376,3.1128814199534633,0.18106651,0.5360376,-0.7280049843562479,0.02871123363632977
demo_229,0.92938155,0.045256972,3.0217001433320783,0.20316517,0.49148023,-0.7837283761053195,0.11989251025771486
demo_23,0.89732337,-0.011605501,-3.1301010289343782,0.21447527,0.51188725,-0.30123909805187404,0.011491624655414867
demo_230,0.9017153,0.039277673,-3.1266742384398314,0.2077322,0.52356744,-0.6903580231036645,0.014918415149961728
demo_231,0.8884723,0.029518127,3.0243222868269033,0.21219635,0.36825693,0.34155845826068437,0.11727036676288982
demo_232,0.8522899,0.0114218,3.0659003250987604,0.17657924,0.44933188,-0.7569127449011241,0.07569232849103269
demo_233,0.93049496,-0.050531387,-3.1136816160735727,0.24064231,0.53602886,0.10095181291031205,0.02791103751622037
demo_234,0.85019016,-0.035638213,3.0363290334565143,0.19322157,0.41016245,0.07059554905065449,0.10526362013327883
demo_235,0.86506605,0.053289652,-3.092218703369018,0.18346334,0.39596105,-0.11888418490085075,0.049373950220775065
demo_236,0.9071705,-0.028827786,3.1087093325246564,0.19472861,0.36071253,-0.15743961375510368,0.032883321065136695
demo_237,0.90724945,-0.0379138,-3.0818572670697324,0.2566023,0.43500054,0.19322178829908954,0.05973538652006072
demo_238,0.90359527,-0.012155414,3.0530781789140957,0.25541854,0.41358232,0.31588197152990444,0.0885144746756974
demo_239,0.92207456,0.034048796,3.081091638798208,0.17967868,0.49653864,-0.14671464865773046,0.060501014791585206
demo_24,0.9182412,-0.04130721,3.067822465034024,0.24415898,0.5126815,0.548101979406103,0.07377018855576933
demo_240,0.89513385,-0.036479115,3.0126917466691934,0.16568255,0.40867782,0.49068088510821295,0.12890090692059974
demo_241,0.9493382,0.052611947,-3.0992370320973284,0.22237921,0.53402376,0.14230199981681116,0.042355621492464746
demo_242,0.90715456,0.007916689,3.101203439798701,0.25865316,0.44883752,0.3514178552753112,0.04038921379109217
demo_243,0.89559984,-0.05830121,3.0643966162400793,0.18780494,0.38898873,-0.6820236448393071,0.07719603734971381
demo_244,0.9292312,-0.014317632,3.0940828327647423,0.25279903,0.5050566,-0.309100385670451,0.04750982082505084
demo_245,0.9277578,0.031157613,3.035184856620813,0.18239892,0.4941461,-0.49873619245197115,0.10640779696898006
demo_246,0.918803,-0.021330595,-3.0361826951865005,0.20177603,0.37273598,-0.23354720174947485,0.10540995840329259
demo_247,0.88227844,0.051368237,-3.123729532333445,0.22547913,0.48849618,-0.22174227086354367,0.017863121256348258
demo_248,0.9444611,-0.039911985,-3.0483606440911197,0.25277948,0.48825943,-0.25564960253215424,0.09323200949867338
demo_249,0.93411684,-0.018760324,-3.056552945916037,0.25291312,0.5072584,-0.7189907408539182,0.08503970767375613
demo_25,0.88795066,0.0074295998,-3.115967336811675,0.20222807,0.5280347,-0.0459007278235472,0.02562531677811819
demo_250,0.92833614,0.03456998,3.0657644282187646,0.22592258,0.40127778,-0.1789216684851298,0.07582822537102851
demo_251,0.8827644,-0.03381145,3.0533323323875727,0.24238348,0.42872238,-0.11234585249948406,0.08826032120222038
demo_252,0.94869995,-0.03430879,-3.074427897189421,0.16239071,0.36811137,0.5078685383059833,0.06716475640037212
demo_253,0.8737631,0.043505073,-3.01321512499418,0.19743586,0.41490173,-0.7128052990961986,0.12837752859561302
demo_254,0.8587837,-0.034292817,-3.105212514042249,0.23692322,0.49867773,-0.382043147907546,0.036380139547544044
demo_255,0.91176367,0.025107265,3.0134518043721004,0.16125298,0.42807114,-0.3391427472698159,0.12814084921769275
demo_256,0.9211683,-0.013428807,-3.0321007486353473,0.22125483,0.46009767,-0.41131225371358565,0.10949190495444583
demo_257,0.9134548,-0.0013583899,-3.0239339396261813,0.16311538,0.4975586,-0.7724037997984571,0.11765871396361183
demo_258,0.8818607,0.048820138,-3.098071402574033,0.2583859,0.52411985,-0.34234982547631915,0.04352125101576032
demo_259,0.87260056,0.055962324,3.0674619728361012,0.1740303,0.52405953,-0.7303214769697425,0.07413068075369189
demo_26,0.8537414,0.02449596,3.0478820865878213,0.2108078,0.42413187,0.243133869031304,0.09371056700197178
demo_260,0.86940885,0.025979519,-3.090666831469431,0.16119576,0.51897216,0.5745578786413568,0.0509258221203619
demo_261,0.935277,0.057836294,3.1363313199651164,0.222404,0.47073102,0.27014809210384405,0.005261333624676734
demo_262,0.91706705,-0.032340765,-3.1245067768496426,0.16373062,0.37443423,-0.7208805068104334,0.017085876740150496
demo_263,0.8937392,0.042749286,-3.138370815889289,0.2195878,0.4529729,-0.3027396180506183,0.0032218377005039933
demo_264,0.8751954,0.013714552,-3.084692069495746,0.2177875,0.37929666,0.494172170611527,0.05690058409404708
demo_265,0.89637923,0.05618,3.0406913707816323,0.17557669,0.36957943,-0.6223441094995888,0.1009012828081608
demo_266,0.93840504,0.035170555,-3.058638874183155,0.21002865,0.41219616,-0.4936287089556663,0.08295377940663817
demo_267,0.9138355,-0.05762732,3.034285064076581,0.20197535,0.42286515,0.4976882348932922,0.10730758951321206
demo_268,0.9129772,-0.01380384,-3.0606325257728013,0.16309977,0.41418695,0.21529239385473234,0.0809601278169918
demo_269,0.8545295,-0.018617034,3.0838348800473074,0.25675416,0.46679163,-0.07272783923446251,0.05775777354248568
demo_27,0.8883238,0.04006183,3.098851201021978,0.2569909,0.47819078,-0.011578524071491805,0.04274145256781514
demo_270,0.94402075,0.049720407,3.12717652287642,0.22934532,0.38457632,0.6876025131790742,0.01441613071337322
demo_271,0.9289985,0.039633036,3.031491280153054,0.18389297,0.53731745,-0.21136107518380481,0.11010137343673909
demo_272,0.8605697,0.052363753,3.1109282967340706,0.17742419,0.47742367,-0.432667665785076,0.030664356855722552
demo_273,0.89301944,0.034342885,-3.0216060365502577,0.21312189,0.37185884,-0.5209095539631562,0.11998661703953539
demo_274,0.8772572,0.0052542686,-3.0741730315150084,0.18647099,0.4841987,-0.44019957033231927,0.06741962207478469
demo_275,0.949826,-0.0029615164,3.079960348433939,0.2518611,0.41961646,0.5434420229958951,0.06163230515585427
demo_276,0.90155506,0.041439056,3.1317069528712644,0.20186996,0.43945146,0.02150056817342947,0.009885700718528678
demo_277,0.854033,-0.017680645,-3.12356573560396,0.22433364,0.4956106,-0.7554260277690302,0.018026917985833002
demo_278,0.93140674,0.005113125,3.0367271833633827,0.25622034,0.46655095,-0.06313487203726413,0.10486547022641046
demo_279,0.8968404,-0.019805789,3.038130284478562,0.19159973,0.51911074,-0.7229773487898057,0.1034623691112313
demo_28,0.92731553,0.026790023,-3.1230211897172007,0.25267708,0.5111544,-0.7438285684416568,0.018571463872592453
demo_280,0.9073507,-0.02405119,3.0844211585148726,0.21206474,0.47949612,-0.6844543571599456,0.057171495074920475
demo_281,0.9310458,0.00845778,3.0588414671381865,0.19888198,0.5242832,-0.05097770087594451,0.08275118645160662
demo_282,0.91127396,0.0054962635,3.109206434184699,0.20642829,0.53389215,-0.28567965517393806,0.0323862194050939
demo_283,0.92922854,-0.02078104,3.0655984861617718,0.25835943,0.48719049,-0.4965127137255295,0.07599416742802134
demo_284,0.8540273,-0.02555418,3.14015936859286,0.17048848,0.4022267,-0.38049150833656314,0.0014332849969331818
demo_285,0.9481044,-0.017143011,3.0177509873546615,0.19296646,0.41797745,0.7341567962080404,0.1238416662351316
demo_286,0.9203167,-0.0040199757,-3.104453387901093,0.24242973,0.50149065,-0.44721632713180726,0.037139265688700185
demo_287,0.93110514,0.0111705065,3.0884323116671326,0.16095054,0.4105277,-0.4089797885855001,0.0531603419226605
demo_288,0.8847108,0.033503175,-3.135566536822074,0.18290281,0.45763934,0.7068810844765849,0.006026116767718914
demo_289,0.88618135,-0.020977736,-3.0448535126784497,0.20251226,0.4109155,-0.39576277708404994,0.09673914091134339
demo_29,0.91337967,0.028328896,3.012976892569209,0.24038649,0.5367884,-0.4095341113772452,0.12861576102058425
demo_290,0.9189987,-0.0067533255,3.081597325586751,0.24873102,0.48294175,-0.5488191583361235,0.0599953280030423
demo_291,0.9449866,0.05459702,3.0182669204984096,0.21995294,0.38002467,-0.7633799528638695,0.1233257330913835
demo_292,0.914402,0.027778506,-3.081514659395913,0.255486,0.490494,-0.4451116904623403,0.06007799419388027
demo_293,0.89958286,0.038150072,3.0140514456623384,0.22869015,0.5391531,0.6663874860475945,0.12754120792745471
demo_294,0.9222825,-0.048664927,3.1100997889510356,0.18508768,0.49755967,-0.5182550315168954,0.031492864638757556
demo_295,0.88777524,0.0404042,3.0430090328328374,0.17268622,0.53654814,0.06748613670791696,0.0985836207569557
demo_296,0.85902905,-0.022913218,-3.1182203917372373,0.20998776,0.369655,-0.3848897745771842,0.02337226185255581
demo_297,0.8653431,0.024319649,3.045035595241281,0.24091291,0.49037623,-0.514112162993432,0.09655705834851203
demo_298,0.8796325,0.0013842583,3.1221206191766706,0.19400835,0.49528563,-0.3355235346099561,0.019472034413122508
demo_299,0.9014721,0.021937251,-3.141254250211059,0.20826292,0.4208355,-0.07614673900679526,0.0003384033787341423
demo_3,0.9051204,-0.05149007,-3.0656245332156202,0.20932627,0.5152769,-0.6639419946798841,0.07596812037417289
demo_30,0.9275019,0.052251577,-3.1381819887220868,0.20274258,0.50299215,0.299264779225322,0.003410664867706359
demo_300,0.9352813,0.044041395,3.054353245618873,0.22900653,0.46172357,-0.2151385181145437,0.08723940797092
demo_301,0.8636379,0.022419214,3.0743162673244298,0.19958925,0.3966148,0.6304656382954251,0.06727638626536336
demo_302,0.92694473,0.010802627,-3.139807764572872,0.17540264,0.4593959,0.4031898519044661,0.0017848890169211984
demo_303,0.94886494,0.035149813,3.0662593901577635,0.25745177,0.49566746,0.6539288765035768,0.07533326343202962
demo_304,0.87537324,-0.05715835,-3.093667329945431,0.2323227,0.42410958,-0.44622626357186346,0.047925323644362194
demo_305,0.8870745,0.011329174,-3.0989316117803183,0.18823063,0.5085312,-0.7026294898017329,0.04266104180947483
demo_306,0.8652102,0.002609253,-3.028765986487168,0.2318157,0.5202873,-0.7404219352907032,0.11282666710262523
demo_307,0.9479909,0.05751741,-3.0533159411030586,0.21989167,0.43134093,0.35470063812135905,0.08827671248673452
demo_308,0.9125066,-0.007197976,-3.12883431195181,0.1873517,0.45442986,0.763982514091992,0.012758341637983062
demo_309,0.86475325,-0.011497736,-3.1002886918000927,0.16589499,0.53904563,0.37158534885142763,0.041303961789700416
demo_31,0.9231038,-0.019666195,3.084167480926026,0.20677614,0.3868258,0.4736699615135624,0.05742517266376712
demo_310,0.933062,-0.016756177,3.133798838156257,0.24360836,0.47130764,-0.6373680542177995,0.007793815433536189
demo_311,0.94520855,0.027192712,-3.097804372624674,0.24014282,0.36870193,-0.11983756738863255,0.04378828096511933
demo_312,0.90871334,-0.03639996,-3.1002820195343106,0.21815968,0.4484409,-0.6265470530634734,0.04131063405548252
demo_313,0.9041343,-0.0039947033,3.0360274377786007,0.21798098,0.51083064,-0.620748774623458,0.10556521581119238
demo_314,0.9461477,-0.03696096,-3.1252315690394337,0.22844934,0.4828267,-0.29312743085974285,0.01636108455035945
demo_315,0.9208205,0.05076933,-3.107235501217441,0.22747111,0.51921266,0.18059861579101277,0.03435715237235204
demo_316,0.8716998,-0.05205369,3.0831184378670415,0.18834782,0.5103241,-0.4956193931713008,0.05847421572275158
demo_317,0.9382434,-0.04562676,-3.0550442269117446,0.24106884,0.49782598,-0.4457442845303342,0.08654842667804852
demo_318,0.9011698,0.04636538,-3.0632827866183066,0.18640757,0.470492,-0.3186814986137232,0.07830986697148656
demo_319,0.86284065,0.01879096,-3.1253927397242385,0.1659193,0.4707663,0.44539875314055155,0.016199913865554638
demo_32,0.92463493,-0.014084458,-3.131582085558681,0.16741657,0.40341926,0.764330494910693,0.010010568031112221
demo_320,0.8853936,0.0075341463,3.0564758819503206,0.20550108,0.3972001,0.5251205800605666,0.08511677163947251
demo_321,0.94912326,-0.03726065,3.085129977147592,0.20692563,0.48659682,0.07305392039083991,0.056462676442201154
demo_322,0.8668804,0.042318344,3.0756645245334244,0.1623826,0.42951035,-0.5787299308346218,0.06592812905636869
demo_323,0.8829427,0.033992767,3.051470048140029,0.21144104,0.43953395,0.2593221891851199,0.09012260544976414
demo_324,0.94533753,-0.009044647,-3.126586739548999,0.20273674,0.3877176,-0.5886218292022912,0.0150059140407941
demo_325,0.8920739,-0.025584579,-3.0786471951767904,0.16478157,0.44424427,-0.032868262052716396,0.0629454584130027
demo_326,0.8799486,0.056383014,-3.0641961721601074,0.18526363,0.42193055,-0.3930686713522112,0.07739648142968569
demo_327,0.9110255,-0.035331488,-3.094354460526398,0.16158628,0.37495744,0.4676521524942667,0.04723819306339516
demo_328,0.9285252,0.028126836,-3.0368912750158548,0.21855545,0.47214603,0.0021346398857652812,0.10470137857393835
demo_329,0.8864881,0.05080843,3.057106733445586,0.17351389,0.38048458,0.7145097529725666,0.08448592014420697
demo_33,0.9002867,0.042634368,3.082307343272225,0.1697731,0.50958484,-0.7145911169956286,0.05928531031756812
demo_330,0.94569254,-0.0501889,3.021710395561885,0.25622535,0.45914376,0.39444044614373497,0.11988225802790797
demo_331,0.8598728,-0.007545233,-3.095640010311817,0.21693611,0.50167567,-0.06537507911905427,0.04595264327797599
demo_332,0.87688327,0.055577517,-3.1266685171900566,0.18334627,0.522423,-0.5933782563124078,0.014924136399736554
demo_333,0.86103916,0.054967523,-3.059932051745844,0.21628428,0.50654525,-0.3564331802956452,0.08166060184394919
demo_334,0.91769487,-0.059589386,3.1331102844777314,0.20481431,0.53936195,-0.7425609890235925,0.008482369112061683
demo_335,0.91308904,-0.05688882,-3.069185554688233,0.16180348,0.4936216,-0.5121589165065975,0.07240709890155994
demo_336,0.8907409,0.037293315,3.0638921220478434,0.16452348,0.36989212,0.0632897652329435,0.07770053154194967
demo_337,0.86826897,-0.03494203,3.13801217055692,0.2496686,0.5093169,-0.6943667284728944,0.003580483032873172
demo_338,0.88379526,-0.039063334,-3.121228042227563,0.1731112,0.37251425,-0.011901424691258197,0.02036461136223
demo_339,0.8898825,0.031447172,3.080146068489856,0.22213411,0.42253888,-0.7298682621631047,0.06144658509993706
demo_34,0.9146106,-0.012674212,-3.1280229732017157,0.25098562,0.44588816,-0.550445730225736,0.013569680388077376
demo_340,0.9219911,-0.026734471,-3.088720864498212,0.24843574,0.40007842,-0.036553193847687966,0.05287178909158108
demo_341,0.91970634,0.025768995,3.1233885289470744,0.22233725,0.3925699,0.07555731478815944,0.0182041246427187
demo_342,0.9221154,-0.039720774,3.1361713405918965,0.1788603,0.5014236,-0.5487234398243294,0.00542131299789661
demo_343,0.8898215,-0.046709657,3.1327280994658393,0.17208242,0.5227176,-0.33672245126260447,0.008864554123953816
demo_344,0.8912611,-0.0387882,-3.1042080558402336,0.17650938,0.37090945,0.1989976459391688,0.03738459774955949
demo_345,0.88391906,-0.030909538,3.1131875525183372,0.16401803,0.51855016,-0.32656735161778416,0.028405101071455885
demo_346,0.9190688,0.017353415,3.1344470981648707,0.20280647,0.49124563,0.20795306285187587,0.007145555424922456
demo_347,0.89898515,-0.030913472,-3.1066435050023484,0.21770918,0.38317823,0.3609062889643991,0.03494914858744469
demo_348,0.9317961,-0.049306035,3.1328823573397293,0.19584918,0.38253665,0.6151743581682751,0.00871029625006381
demo_349,0.92931795,0.059741497,3.0850429530697956,0.23316717,0.51272327,-0.5118855485799642,0.056549700519997526
demo_35,0.90893316,0.04211557,-3.0699170209032847,0.20151305,0.5397761,0.11589032427499213,0.07167563268650845
demo_350,0.90282786,-0.031241536,-3.033565591710616,0.21775877,0.447124,-0.3855399235141522,0.10802706187917721
demo_351,0.9104297,-0.0101156235,3.0143144084347226,0.17051685,0.42965877,-0.6880426931510645,0.12727824515507047
demo_352,0.8998809,-0.05346036,3.1252672665182093,0.2591505,0.36752748,-0.0377218885958878,0.01632538707158382
demo_353,0.923743,0.0046430826,3.12060117782017,0.21790838,0.4293325,-0.23656616417154788,0.020991475769623236
demo_354,0.9286762,0.03715074,-3.1395891350056515,0.22275937,0.5324352,0.2661905376525829,0.002003518584141606
demo_355,0.9424238,-0.028866053,-3.011999897051587,0.1811862,0.45558274,-0.47983269787778016,0.129592756538206
demo_356,0.85300803,-0.008152723,-3.1286457207692377,0.21651316,0.43131077,0.1782688665457336,0.012946932820555368
demo_357,0.8604629,0.005517006,3.017486330576129,0.21053696,0.47408473,-0.44681079231552806,0.12410632301366409
demo_358,0.89157724,-0.04103148,3.100882526401039,0.19834471,0.53234303,0.16540043152295,0.040710127188754
demo_359,0.8753314,-0.03893578,-3.090519493996197,0.17228842,0.3908558,-0.111547542362182,0.05107315959359626
demo_36,0.85143805,0.0482651,-3.1058519542142937,0.21827269,0.4472866,0.00012462327172642072,0.035740699375499396
demo_360,0.8862505,-0.007824063,3.1294639102649464,0.2554803,0.47857678,-0.5206251490551259,0.012128743324846702
demo_361,0.9157922,0.054608464,3.0593497782465904,0.16989565,0.4370253,0.030263570606974176,0.08224287534320274
demo_362,0.8976865,-0.02016735,-3.079400839149541,0.20500386,0.50975674,0.32766061233436816,0.06219181444025201
demo_363,0.8577337,0.04476452,3.0750875464576075,0.2171278,0.48627758,-0.4542782205599008,0.0665051071321856
demo_364,0.9420006,-0.021591306,3.140742063428406,0.18516779,0.53754854,0.20199011862490104,0.0008505901613871103
demo_365,0.90064335,0.036945343,3.126319885494293,0.20285273,0.39960957,-0.39569624771491446,0.015272768095500044
demo_366,0.94567394,0.03494358,3.1267654899749537,0.25924063,0.4104861,-0.4048991798594488,0.014827163614839378
demo_367,0.8687229,0.023763657,-3.1066117957489263,0.21881866,0.47918844,0.04121670441279147,0.0349808578408668
demo_368,0.88364816,-0.058219433,-3.096742935603432,0.23055172,0.45619893,0.1671967187177482,0.04484971798636117
demo_369,0.8730409,0.04592526,3.0234110384673714,0.16545558,0.51531804,0.34153747165898973,0.11818161512242176
demo_37,0.8815479,0.029973507,-3.09905439960797,0.24729156,0.43642426,-0.5808285614609832,0.04253825398182309
demo_370,0.91040623,0.029898763,-3.099009101647588,0.1991725,0.48741186,-0.7579919259912818,0.04258355194220531
demo_371,0.9154613,0.026538968,-3.1405735651431406,0.18951035,0.52581555,-0.7466336302916484,0.0010190884466525496
demo_372,0.89455914,0.03458023,3.033961527944749,0.21421432,0.5119016,-0.35953305488125376,0.10763112564504418
demo_373,0.93333197,0.007992744,3.0935218291137003,0.22898006,0.4714328,-0.1568215148528852,0.04807082447609279
demo_374,0.8759661,0.010689974,3.1064190888562213,0.1890974,0.44263566,0.501038499377021,0.035173564733571805
demo_375,0.9228797,-0.05842173,-3.1155303180554816,0.1837666,0.366148,-0.003314807674606146,0.026062335534311476
demo_376,0.9140918,-0.01666081,3.0887782603757894,0.18168092,0.53529215,-0.5215717843741364,0.05281439321400372
demo_377,0.85802174,-0.0090698,3.033357855325365,0.18266988,0.42103362,-0.6071602891149015,0.10823479826442828
demo_378,0.94298553,0.016316295,-3.1399632135190325,0.16799545,0.40115273,0.2669281179911404,0.0016294400707606016
demo_379,0.89665604,0.02893281,3.0346751144429733,0.18072987,0.52724195,0.13296899457544326,0.10691753914681978
demo_38,0.90867233,-0.04530716,-3.021373104776688,0.19349241,0.53352284,-0.7703173753486996,0.12021954881310526
demo_380,0.9206531,0.008993149,3.1030745505441306,0.24161959,0.4690584,0.3261167755282856,0.0385181030456625
demo_381,0.92698646,0.04880917,-3.0421221797822957,0.17666817,0.5232451,-0.6230477563246749,0.0994704738074974
demo_382,0.9378395,0.01529479,3.0957376961116627,0.22679996,0.48896265,-0.6650360351307529,0.0458549574781304
demo_383,0.9422777,0.05639565,-3.058253596981347,0.2218337,0.44936264,-0.046024327864664455,0.08333905660844598
demo_384,0.8731501,-0.013429046,-3.1234563016903367,0.1616559,0.5033984,-0.09332131756113572,0.018136351899456393
demo_385,0.934123,0.0098570585,-3.0934432201715936,0.25367677,0.37803233,-0.41023746789017645,0.04814943341819955
demo_386,0.93226385,-0.0085475445,3.1337804796952633,0.16207361,0.4394046,0.2986780747599238,0.007812173894529817
demo_387,0.9023149,0.05179274,3.1202256693604777,0.23323154,0.41023493,-0.699207287564978,0.021366984229315378
demo_388,0.9405053,-0.0086705685,3.1165337558686743,0.18594444,0.5373122,0.33111579801600793,0.0250588977211188
demo_389,0.93583584,-0.021542668,3.08037734089341,0.23538256,0.3888793,0.19684648126767135,0.06121531269638325
demo_39,0.9175637,0.0029340982,3.0789718635660313,0.1910243,0.46882892,-0.42053421007503594,0.06262079002376186
demo_390,0.89808726,0.007798791,-3.1318624644322095,0.21694946,0.44135618,-0.4854390960264242,0.009730189157583613
demo_391,0.9183569,0.022249818,3.0692479576935443,0.17598629,0.3862964,0.7627051826841171,0.07234469589624881
demo_392,0.94151556,0.005036831,3.111145734511866,0.19933641,0.5171953,-0.6778321567370323,0.03044691907792707
demo_393,0.89913464,-0.023973703,-3.0132959632703904,0.2179842,0.43200183,-0.45317629499023343,0.12829669031940272
demo_394,0.85224605,0.056962967,3.070571659772835,0.2253406,0.52137136,-0.6453995794180767,0.07102099381695792
demo_395,0.8767595,0.04374957,3.1356172561152107,0.24260855,0.47592127,0.3771522168165777,0.005975397474582422
demo_396,0.9021736,-0.015504122,3.032368180140449,0.21318042,0.4538424,0.596360939923468,0.10922447344934394
demo_397,0.86451054,-0.010568142,3.057380445863867,0.18376493,0.4516902,-0.638075569685419,0.08421220772592619
demo_398,0.9117031,-0.055149674,3.1213037981614447,0.22112274,0.4923017,-0.7597785238862618,0.020288855428348462
demo_399,0.8609743,-0.05382359,3.0558829283859463,0.1964482,0.48672748,0.11456768638252667,0.08570972520384679
demo_4,0.94104815,-0.05618882,-3.0357325655548903,0.24407184,0.49431324,-0.5371017705482543,0.10586008803490277
demo_40,0.9242048,-0.023227215,-3.0669863773133574,0.24703646,0.3975414,0.22833559329993716,0.07460627627643568
demo_41,0.8894677,-0.03478217,-3.0430169751433858,0.16014624,0.48680472,-0.7360366110097885,0.09857567844640736
demo_42,0.9011328,-0.044432998,3.01241707292026,0.16617966,0.4917115,0.05957623167915369,0.12917558066953294
demo_43,0.90553284,-0.005684018,3.059705019372176,0.2240138,0.4970677,-0.6314850452497855,0.08188763421761713
demo_44,0.9377361,0.04929948,-3.0642336000864154,0.2485466,0.4558084,-0.2032450126651183,0.07735905350337768
demo_45,0.94163775,0.04137504,-3.1325948873236555,0.25851274,0.49070644,0.01216121352256294,0.008997766266137575
demo_46,0.87101674,-0.030363679,3.1051251846971066,0.16494536,0.5295279,-0.5723369418067167,0.03646746889268648
demo_47,0.90808344,-0.0030027628,3.0308737704815676,0.18052149,0.49733937,-0.21527557547787798,0.11071888310822553
demo_48,0.9485299,-0.057846308,3.025209425884881,0.19667721,0.46064854,0.3791899397195168,0.11638322770491216
demo_49,0.9069979,0.023950934,3.1408581733762273,0.1613226,0.4594798,0.1391985516069366,0.0007344802135658135
demo_5,0.9098165,0.045799494,3.131603718754753,0.24345922,0.43361378,-0.5176088884728703,0.009988934835039931
demo_50,0.89579844,0.0062549114,-3.117662255457275,0.23874998,0.4108565,-0.5980724267992532,0.02393039813251807
demo_51,0.8943386,-0.038161516,3.0620112401349715,0.25756168,0.4409939,-0.5125686192958891,0.07958141345482161
demo_52,0.8645954,0.056549788,3.067784311879517,0.2053994,0.5178917,-0.5468254457318219,0.07380834171027617
demo_53,0.8874531,-0.021402597,3.1273889543210966,0.23407984,0.41455734,-0.5115914348098823,0.014203699268696468
demo_54,0.90922904,-0.004489064,3.0683076390306896,0.18410206,0.396029,0.6363224156026972,0.07328501455910352
demo_55,0.92597294,-0.02060628,-3.1168201601027157,0.22606754,0.4335909,-0.43237437575640864,0.02477249348707744
demo_56,0.889744,0.023833036,-3.037109434622512,0.2559905,0.4687605,-0.6815664087915517,0.1044832189672813
demo_57,0.94682264,-0.045619488,3.0983893874529986,0.2393744,0.48640752,-0.5115828014540615,0.04320326613679448
demo_58,0.9297285,0.037610292,3.0388400567996467,0.23186302,0.5389311,-0.5609341481999771,0.10275259679014637
demo_59,0.8735018,-0.00036597252,-3.1330409690307315,0.21648121,0.38569856,-0.23778922667260258,0.008551684559061634
demo_6,0.9045286,0.055793405,-3.1414960066449273,0.21725798,0.41602528,-0.7836737506159727,9.664694486577474e-05
demo_60,0.9102695,-0.048375726,-3.1043692273206105,0.21449018,0.43382192,0.3670264185372913,0.037223426269182625
demo_61,0.9411192,-0.03186345,-3.125867190724882,0.19920349,0.36736095,-0.09751818552878022,0.015725462864911055
demo_62,0.9009966,0.019042373,-3.093428675607903,0.2196871,0.44593275,-0.5528981205434537,0.048163977981890316
demo_63,0.9161039,0.049250245,3.0854563741677055,0.2403084,0.43314147,-0.5809843142951054,0.056136279422087654
demo_64,0.8771415,0.011451006,-3.0681117245890457,0.17530298,0.48855627,-0.7465567761354864,0.07348092900074743
demo_65,0.9011519,0.035291553,3.0716273763387902,0.212358,0.48865402,-0.06568712695454271,0.06996527725100288
demo_66,0.8679943,-0.0024852753,3.0182578513391927,0.16516733,0.41708803,0.35822534507187187,0.12333480225060045
demo_67,0.94698787,0.019514441,3.1350507734259763,0.21122122,0.42616272,-0.08937566285870194,0.006541880163816849
demo_68,0.9441771,-0.01729691,-3.1102293179742353,0.17062569,0.48363817,-0.12640802489784356,0.03136333561555782
demo_69,0.90894127,0.032087445,-3.0928524172591123,0.2315979,0.49131763,-0.38505759773283976,0.04874023633068081
demo_7,0.8942313,-0.006053686,-3.093905275124967,0.20922995,0.47658026,-0.34913463463894,0.04768737846482596
demo_70,0.94933844,-0.032162666,-3.131609503769881,0.22200823,0.3892604,0.27224067735971785,0.009983149819912107
demo_71,0.94363546,-0.013311148,3.1024608605149706,0.20273852,0.48765278,-0.5481589887658661,0.03913179307482251
demo_72,0.85528445,0.055466056,-3.018574774786659,0.2175895,0.53471994,-0.6050959769287504,0.1230178788031342
demo_73,0.91718054,0.0355103,-3.0681534481166133,0.16415262,0.37438774,0.24737331675841448,0.07343920547317984
demo_74,0.8847017,0.044555545,-3.0727723235001227,0.16904306,0.5039133,-0.5617355418959321,0.06882033008967037
demo_75,0.90947145,0.054058313,-3.132371489534751,0.24480534,0.43619478,0.13663999175352115,0.009221164055042141
demo_76,0.92459726,0.036498547,3.086809391399257,0.17649555,0.36700082,0.25117692151448023,0.054783262190535975
demo_77,0.9154309,0.03363347,3.137776612822559,0.1672225,0.47511148,-0.3423941084945312,0.0038160407672340746
demo_78,0.8760071,-0.049763918,3.0910162924389706,0.18973017,0.36970556,-0.7188325134374912,0.050576361150822535
demo_79,0.889925,-0.05880785,3.036762955788096,0.17619467,0.4854269,0.2210836687393622,0.10482969780169693
demo_8,0.9473616,0.005445242,-3.1232510230914214,0.19832563,0.41112852,0.38820641619427565,0.018341630498371675
demo_80,0.9219589,0.052694917,-3.0485332623939794,0.22174168,0.41158593,-0.5453243812326152,0.09305939119581375
demo_81,0.88836575,0.022335768,-3.1400995889105316,0.2409786,0.51594883,-0.4957573921019439,0.0014930646792614688
demo_82,0.9003644,0.021584392,-3.126773420029145,0.16049051,0.41138327,0.2801283299136355,0.014819233560648293
demo_83,0.9490044,0.043557644,3.1086285097922164,0.17562342,0.39617646,0.1711794072379622,0.03296414379757673
demo_84,0.8782673,0.039877176,3.067283870619949,0.24369907,0.44859552,-0.2998948339662177,0.07430878296984433
demo_85,0.9153147,-0.0360322,3.046659227269282,0.24411869,0.39212608,0.30184644943217726,0.09493342632051105
demo_86,0.8640187,0.052360415,3.06112289806846,0.20002711,0.5113728,-0.45283115611207886,0.08046975552133295
demo_87,0.8856056,0.040082455,-3.07425576508216,0.19066954,0.3911922,-0.26694678893593615,0.06733688850763331
demo_88,0.92179155,-0.030011296,3.1190521734909877,0.18699694,0.518942,-0.12683127329267607,0.022540480098805382
demo_89,0.87481976,0.0021531582,3.050993914817397,0.2381134,0.48754895,0.6080050610678611,0.0905987387723961
demo_9,0.9010281,0.029369712,3.0167253022468716,0.21071637,0.5303029,0.16484046683375736,0.12486735134292148
demo_90,0.88500816,0.054540038,-3.0451155325785626,0.17543447,0.38389468,-0.4799259028956889,0.09647712101123052
demo_91,0.8722489,0.04225576,3.035143382341698,0.2502513,0.41946805,0.08827284679371104,0.10644927124809511
demo_92,0.94257784,0.013278484,-3.0984430944244123,0.1851697,0.4305694,0.15485771369582474,0.04314955916538077
demo_93,0.92053056,0.013924241,-3.099833075190757,0.18657339,0.46608877,0.10970351856328442,0.0417595783990361
demo_94,0.88325787,0.027717233,-3.1172004376179054,0.16424465,0.37118506,-0.2961188782487797,0.024392215971887676
demo_95,0.88002205,0.054662704,3.0882008044382476,0.17199028,0.5316132,-0.4575504134475711,0.05339184915154549
demo_96,0.91307974,-0.030524611,3.067451961322418,0.18960714,0.5152273,-0.4546397844738927,0.0741406922673753
demo_97,0.88947076,0.041254282,3.0152571159471795,0.18683672,0.44882727,0.3493381306372697,0.12633553764261363
demo_98,0.887949,0.035606742,3.085385320853573,0.17498064,0.49356627,0.0850394869152651,0.05620733273622003
demo_99,0.89511776,-0.018702626,3.082791808987006,0.2519493,0.5372744,-0.7290679108620829,0.058800844602787006
